sku,file,url
57501.00ACA,57501.00ACA+01.jpg,https://raw.githubusercontent.com/nathanaelcodi3-create/amazon-product-images/main/jp-20260803-daiken50-batch2-v1/57501.00ACA/57501.00ACA%2B01.jpg
57501.00ACA,57501.00ACA+02.jpg,https://raw.githubusercontent.com/nathanaelcodi3-create/amazon-product-images/main/jp-20260803-daiken50-batch2-v1/57501.00ACA/57501.00ACA%2B02.jpg
57501.00ACA,57501.00ACA+03.jpg,https://raw.githubusercontent.com/nathanaelcodi3-create/amazon-product-images/main/jp-20260803-daiken50-batch2-v1/57501.00ACA/57501.00ACA%2B03.jpg
57501.00ACA,57501.00ACA+04.jpg,https://raw.githubusercontent.com/nathanaelcodi3-create/amazon-product-images/main/jp-20260803-daiken50-batch2-v1/57501.00ACA/57501.00ACA%2B04.jpg
57501.00ACA,57501.00ACA+05.jpg,https://raw.githubusercontent.com/nathanaelcodi3-create/amazon-product-images/main/jp-20260803-daiken50-batch2-v1/57501.00ACA/57501.00ACA%2B05.jpg
57501.00ACA,57501.00ACA+06.jpg,https://raw.githubusercontent.com/nathanaelcodi3-create/amazon-product-images/main/jp-20260803-daiken50-batch2-v1/57501.00ACA/57501.00ACA%2B06.jpg
57501.00ACA,57501.00ACA+07.jpg,https://raw.githubusercontent.com/nathanaelcodi3-create/amazon-product-images/main/jp-20260803-daiken50-batch2-v1/57501.00ACA/57501.00ACA%2B07.jpg
57501.00ACA,57501.00ACA+08.jpg,https://raw.githubusercontent.com/nathanaelcodi3-create/amazon-product-images/main/jp-20260803-daiken50-batch2-v1/57501.00ACA/57501.00ACA%2B08.jpg
57501.00ACA,57501.00ACA+09.jpg,https://raw.githubusercontent.com/nathanaelcodi3-create/amazon-product-images/main/jp-20260803-daiken50-batch2-v1/57501.00ACA/57501.00ACA%2B09.jpg
B009S02222,B009S02222+01.jpg,https://raw.githubusercontent.com/nathanaelcodi3-create/amazon-product-images/main/jp-20260803-daiken50-batch2-v1/B009S02222/B009S02222%2B01.jpg
B009S02222,B009S02222+02.jpg,https://raw.githubusercontent.com/nathanaelcodi3-create/amazon-product-images/main/jp-20260803-daiken50-batch2-v1/B009S02222/B009S02222%2B02.jpg
B009S02222,B009S02222+03.jpg,https://raw.githubusercontent.com/nathanaelcodi3-create/amazon-product-images/main/jp-20260803-daiken50-batch2-v1/B009S02222/B009S02222%2B03.jpg
B009S02222,B009S02222+04.jpg,https://raw.githubusercontent.com/nathanaelcodi3-create/amazon-product-images/main/jp-20260803-daiken50-batch2-v1/B009S02222/B009S02222%2B04.jpg
B009S02222,B009S02222+05.jpg,https://raw.githubusercontent.com/nathanaelcodi3-create/amazon-product-images/main/jp-20260803-daiken50-batch2-v1/B009S02222/B009S02222%2B05.jpg
B009S02222,B009S02222+06.jpg,https://raw.githubusercontent.com/nathanaelcodi3-create/amazon-product-images/main/jp-20260803-daiken50-batch2-v1/B009S02222/B009S02222%2B06.jpg
B009S02222,B009S02222+07.jpg,https://raw.githubusercontent.com/nathanaelcodi3-create/amazon-product-images/main/jp-20260803-daiken50-batch2-v1/B009S02222/B009S02222%2B07.jpg
B009S02222,B009S02222+08.jpg,https://raw.githubusercontent.com/nathanaelcodi3-create/amazon-product-images/main/jp-20260803-daiken50-batch2-v1/B009S02222/B009S02222%2B08.jpg
B009S02222,B009S02222+09.jpg,https://raw.githubusercontent.com/nathanaelcodi3-create/amazon-product-images/main/jp-20260803-daiken50-batch2-v1/B009S02222/B009S02222%2B09.jpg
B009S02223,B009S02223+01.jpg,https://raw.githubusercontent.com/nathanaelcodi3-create/amazon-product-images/main/jp-20260803-daiken50-batch2-v1/B009S02223/B009S02223%2B01.jpg
B009S02223,B009S02223+02.jpg,https://raw.githubusercontent.com/nathanaelcodi3-create/amazon-product-images/main/jp-20260803-daiken50-batch2-v1/B009S02223/B009S02223%2B02.jpg
B009S02223,B009S02223+03.jpg,https://raw.githubusercontent.com/nathanaelcodi3-create/amazon-product-images/main/jp-20260803-daiken50-batch2-v1/B009S02223/B009S02223%2B03.jpg
B009S02223,B009S02223+04.jpg,https://raw.githubusercontent.com/nathanaelcodi3-create/amazon-product-images/main/jp-20260803-daiken50-batch2-v1/B009S02223/B009S02223%2B04.jpg
B009S02223,B009S02223+05.jpg,https://raw.githubusercontent.com/nathanaelcodi3-create/amazon-product-images/main/jp-20260803-daiken50-batch2-v1/B009S02223/B009S02223%2B05.jpg
B009S02223,B009S02223+06.jpg,https://raw.githubusercontent.com/nathanaelcodi3-create/amazon-product-images/main/jp-20260803-daiken50-batch2-v1/B009S02223/B009S02223%2B06.jpg
B009S02223,B009S02223+07.jpg,https://raw.githubusercontent.com/nathanaelcodi3-create/amazon-product-images/main/jp-20260803-daiken50-batch2-v1/B009S02223/B009S02223%2B07.jpg
B009S02223,B009S02223+08.jpg,https://raw.githubusercontent.com/nathanaelcodi3-create/amazon-product-images/main/jp-20260803-daiken50-batch2-v1/B009S02223/B009S02223%2B08.jpg
B009S02223,B009S02223+09.jpg,https://raw.githubusercontent.com/nathanaelcodi3-create/amazon-product-images/main/jp-20260803-daiken50-batch2-v1/B009S02223/B009S02223%2B09.jpg
B061S00928,B061S00928+01.jpg,https://raw.githubusercontent.com/nathanaelcodi3-create/amazon-product-images/main/jp-20260803-daiken50-batch2-v1/B061S00928/B061S00928%2B01.jpg
B061S00928,B061S00928+02.jpg,https://raw.githubusercontent.com/nathanaelcodi3-create/amazon-product-images/main/jp-20260803-daiken50-batch2-v1/B061S00928/B061S00928%2B02.jpg
B061S00928,B061S00928+03.jpg,https://raw.githubusercontent.com/nathanaelcodi3-create/amazon-product-images/main/jp-20260803-daiken50-batch2-v1/B061S00928/B061S00928%2B03.jpg
B061S00928,B061S00928+04.jpg,https://raw.githubusercontent.com/nathanaelcodi3-create/amazon-product-images/main/jp-20260803-daiken50-batch2-v1/B061S00928/B061S00928%2B04.jpg
B061S00928,B061S00928+05.jpg,https://raw.githubusercontent.com/nathanaelcodi3-create/amazon-product-images/main/jp-20260803-daiken50-batch2-v1/B061S00928/B061S00928%2B05.jpg
B061S00928,B061S00928+06.jpg,https://raw.githubusercontent.com/nathanaelcodi3-create/amazon-product-images/main/jp-20260803-daiken50-batch2-v1/B061S00928/B061S00928%2B06.jpg
B061S00928,B061S00928+07.jpg,https://raw.githubusercontent.com/nathanaelcodi3-create/amazon-product-images/main/jp-20260803-daiken50-batch2-v1/B061S00928/B061S00928%2B07.jpg
B061S00928,B061S00928+08.jpg,https://raw.githubusercontent.com/nathanaelcodi3-create/amazon-product-images/main/jp-20260803-daiken50-batch2-v1/B061S00928/B061S00928%2B08.jpg
B061S00928,B061S00928+09.jpg,https://raw.githubusercontent.com/nathanaelcodi3-create/amazon-product-images/main/jp-20260803-daiken50-batch2-v1/B061S00928/B061S00928%2B09.jpg
B201S00474,B201S00474+01.jpg,https://raw.githubusercontent.com/nathanaelcodi3-create/amazon-product-images/main/jp-20260803-daiken50-batch2-v1/B201S00474/B201S00474%2B01.jpg
B201S00474,B201S00474+02.jpg,https://raw.githubusercontent.com/nathanaelcodi3-create/amazon-product-images/main/jp-20260803-daiken50-batch2-v1/B201S00474/B201S00474%2B02.jpg
B201S00474,B201S00474+03.jpg,https://raw.githubusercontent.com/nathanaelcodi3-create/amazon-product-images/main/jp-20260803-daiken50-batch2-v1/B201S00474/B201S00474%2B03.jpg
B201S00474,B201S00474+04.jpg,https://raw.githubusercontent.com/nathanaelcodi3-create/amazon-product-images/main/jp-20260803-daiken50-batch2-v1/B201S00474/B201S00474%2B04.jpg
B201S00474,B201S00474+05.jpg,https://raw.githubusercontent.com/nathanaelcodi3-create/amazon-product-images/main/jp-20260803-daiken50-batch2-v1/B201S00474/B201S00474%2B05.jpg
B201S00474,B201S00474+06.jpg,https://raw.githubusercontent.com/nathanaelcodi3-create/amazon-product-images/main/jp-20260803-daiken50-batch2-v1/B201S00474/B201S00474%2B06.jpg
B201S00474,B201S00474+07.jpg,https://raw.githubusercontent.com/nathanaelcodi3-create/amazon-product-images/main/jp-20260803-daiken50-batch2-v1/B201S00474/B201S00474%2B07.jpg
B201S00474,B201S00474+08.jpg,https://raw.githubusercontent.com/nathanaelcodi3-create/amazon-product-images/main/jp-20260803-daiken50-batch2-v1/B201S00474/B201S00474%2B08.jpg
B201S00474,B201S00474+09.jpg,https://raw.githubusercontent.com/nathanaelcodi3-create/amazon-product-images/main/jp-20260803-daiken50-batch2-v1/B201S00474/B201S00474%2B09.jpg
B201S00476,B201S00476+01.jpg,https://raw.githubusercontent.com/nathanaelcodi3-create/amazon-product-images/main/jp-20260803-daiken50-batch2-v1/B201S00476/B201S00476%2B01.jpg
B201S00476,B201S00476+02.jpg,https://raw.githubusercontent.com/nathanaelcodi3-create/amazon-product-images/main/jp-20260803-daiken50-batch2-v1/B201S00476/B201S00476%2B02.jpg
B201S00476,B201S00476+03.jpg,https://raw.githubusercontent.com/nathanaelcodi3-create/amazon-product-images/main/jp-20260803-daiken50-batch2-v1/B201S00476/B201S00476%2B03.jpg
B201S00476,B201S00476+04.jpg,https://raw.githubusercontent.com/nathanaelcodi3-create/amazon-product-images/main/jp-20260803-daiken50-batch2-v1/B201S00476/B201S00476%2B04.jpg
B201S00476,B201S00476+05.jpg,https://raw.githubusercontent.com/nathanaelcodi3-create/amazon-product-images/main/jp-20260803-daiken50-batch2-v1/B201S00476/B201S00476%2B05.jpg
B201S00476,B201S00476+06.jpg,https://raw.githubusercontent.com/nathanaelcodi3-create/amazon-product-images/main/jp-20260803-daiken50-batch2-v1/B201S00476/B201S00476%2B06.jpg
B201S00476,B201S00476+07.jpg,https://raw.githubusercontent.com/nathanaelcodi3-create/amazon-product-images/main/jp-20260803-daiken50-batch2-v1/B201S00476/B201S00476%2B07.jpg
B201S00476,B201S00476+08.jpg,https://raw.githubusercontent.com/nathanaelcodi3-create/amazon-product-images/main/jp-20260803-daiken50-batch2-v1/B201S00476/B201S00476%2B08.jpg
B201S00476,B201S00476+09.jpg,https://raw.githubusercontent.com/nathanaelcodi3-create/amazon-product-images/main/jp-20260803-daiken50-batch2-v1/B201S00476/B201S00476%2B09.jpg
B201S00477,B201S00477+01.jpg,https://raw.githubusercontent.com/nathanaelcodi3-create/amazon-product-images/main/jp-20260803-daiken50-batch2-v1/B201S00477/B201S00477%2B01.jpg
B201S00477,B201S00477+02.jpg,https://raw.githubusercontent.com/nathanaelcodi3-create/amazon-product-images/main/jp-20260803-daiken50-batch2-v1/B201S00477/B201S00477%2B02.jpg
B201S00477,B201S00477+03.jpg,https://raw.githubusercontent.com/nathanaelcodi3-create/amazon-product-images/main/jp-20260803-daiken50-batch2-v1/B201S00477/B201S00477%2B03.jpg
B201S00477,B201S00477+04.jpg,https://raw.githubusercontent.com/nathanaelcodi3-create/amazon-product-images/main/jp-20260803-daiken50-batch2-v1/B201S00477/B201S00477%2B04.jpg
B201S00477,B201S00477+05.jpg,https://raw.githubusercontent.com/nathanaelcodi3-create/amazon-product-images/main/jp-20260803-daiken50-batch2-v1/B201S00477/B201S00477%2B05.jpg
B201S00477,B201S00477+06.jpg,https://raw.githubusercontent.com/nathanaelcodi3-create/amazon-product-images/main/jp-20260803-daiken50-batch2-v1/B201S00477/B201S00477%2B06.jpg
B201S00477,B201S00477+07.jpg,https://raw.githubusercontent.com/nathanaelcodi3-create/amazon-product-images/main/jp-20260803-daiken50-batch2-v1/B201S00477/B201S00477%2B07.jpg
B201S00477,B201S00477+08.jpg,https://raw.githubusercontent.com/nathanaelcodi3-create/amazon-product-images/main/jp-20260803-daiken50-batch2-v1/B201S00477/B201S00477%2B08.jpg
B201S00477,B201S00477+09.jpg,https://raw.githubusercontent.com/nathanaelcodi3-create/amazon-product-images/main/jp-20260803-daiken50-batch2-v1/B201S00477/B201S00477%2B09.jpg
B201S00478,B201S00478+01.jpg,https://raw.githubusercontent.com/nathanaelcodi3-create/amazon-product-images/main/jp-20260803-daiken50-batch2-v1/B201S00478/B201S00478%2B01.jpg
B201S00478,B201S00478+02.jpg,https://raw.githubusercontent.com/nathanaelcodi3-create/amazon-product-images/main/jp-20260803-daiken50-batch2-v1/B201S00478/B201S00478%2B02.jpg
B201S00478,B201S00478+03.jpg,https://raw.githubusercontent.com/nathanaelcodi3-create/amazon-product-images/main/jp-20260803-daiken50-batch2-v1/B201S00478/B201S00478%2B03.jpg
B201S00478,B201S00478+04.jpg,https://raw.githubusercontent.com/nathanaelcodi3-create/amazon-product-images/main/jp-20260803-daiken50-batch2-v1/B201S00478/B201S00478%2B04.jpg
B201S00478,B201S00478+05.jpg,https://raw.githubusercontent.com/nathanaelcodi3-create/amazon-product-images/main/jp-20260803-daiken50-batch2-v1/B201S00478/B201S00478%2B05.jpg
B201S00478,B201S00478+06.jpg,https://raw.githubusercontent.com/nathanaelcodi3-create/amazon-product-images/main/jp-20260803-daiken50-batch2-v1/B201S00478/B201S00478%2B06.jpg
B201S00478,B201S00478+07.jpg,https://raw.githubusercontent.com/nathanaelcodi3-create/amazon-product-images/main/jp-20260803-daiken50-batch2-v1/B201S00478/B201S00478%2B07.jpg
B201S00478,B201S00478+08.jpg,https://raw.githubusercontent.com/nathanaelcodi3-create/amazon-product-images/main/jp-20260803-daiken50-batch2-v1/B201S00478/B201S00478%2B08.jpg
B201S00478,B201S00478+09.jpg,https://raw.githubusercontent.com/nathanaelcodi3-create/amazon-product-images/main/jp-20260803-daiken50-batch2-v1/B201S00478/B201S00478%2B09.jpg
B2741S01000,B2741S01000+01.jpg,https://raw.githubusercontent.com/nathanaelcodi3-create/amazon-product-images/main/jp-20260803-daiken50-batch2-v1/B2741S01000/B2741S01000%2B01.jpg
B2741S01000,B2741S01000+02.jpg,https://raw.githubusercontent.com/nathanaelcodi3-create/amazon-product-images/main/jp-20260803-daiken50-batch2-v1/B2741S01000/B2741S01000%2B02.jpg
B2741S01000,B2741S01000+03.jpg,https://raw.githubusercontent.com/nathanaelcodi3-create/amazon-product-images/main/jp-20260803-daiken50-batch2-v1/B2741S01000/B2741S01000%2B03.jpg
B2741S01000,B2741S01000+04.jpg,https://raw.githubusercontent.com/nathanaelcodi3-create/amazon-product-images/main/jp-20260803-daiken50-batch2-v1/B2741S01000/B2741S01000%2B04.jpg
B2741S01000,B2741S01000+05.jpg,https://raw.githubusercontent.com/nathanaelcodi3-create/amazon-product-images/main/jp-20260803-daiken50-batch2-v1/B2741S01000/B2741S01000%2B05.jpg
B2741S01000,B2741S01000+06.jpg,https://raw.githubusercontent.com/nathanaelcodi3-create/amazon-product-images/main/jp-20260803-daiken50-batch2-v1/B2741S01000/B2741S01000%2B06.jpg
B2741S01000,B2741S01000+07.jpg,https://raw.githubusercontent.com/nathanaelcodi3-create/amazon-product-images/main/jp-20260803-daiken50-batch2-v1/B2741S01000/B2741S01000%2B07.jpg
B2741S01000,B2741S01000+08.jpg,https://raw.githubusercontent.com/nathanaelcodi3-create/amazon-product-images/main/jp-20260803-daiken50-batch2-v1/B2741S01000/B2741S01000%2B08.jpg
B2741S01000,B2741S01000+09.jpg,https://raw.githubusercontent.com/nathanaelcodi3-create/amazon-product-images/main/jp-20260803-daiken50-batch2-v1/B2741S01000/B2741S01000%2B09.jpg
B2741S01003,B2741S01003+01.jpg,https://raw.githubusercontent.com/nathanaelcodi3-create/amazon-product-images/main/jp-20260803-daiken50-batch2-v1/B2741S01003/B2741S01003%2B01.jpg
B2741S01003,B2741S01003+02.jpg,https://raw.githubusercontent.com/nathanaelcodi3-create/amazon-product-images/main/jp-20260803-daiken50-batch2-v1/B2741S01003/B2741S01003%2B02.jpg
B2741S01003,B2741S01003+03.jpg,https://raw.githubusercontent.com/nathanaelcodi3-create/amazon-product-images/main/jp-20260803-daiken50-batch2-v1/B2741S01003/B2741S01003%2B03.jpg
B2741S01003,B2741S01003+04.jpg,https://raw.githubusercontent.com/nathanaelcodi3-create/amazon-product-images/main/jp-20260803-daiken50-batch2-v1/B2741S01003/B2741S01003%2B04.jpg
B2741S01003,B2741S01003+05.jpg,https://raw.githubusercontent.com/nathanaelcodi3-create/amazon-product-images/main/jp-20260803-daiken50-batch2-v1/B2741S01003/B2741S01003%2B05.jpg
B2741S01003,B2741S01003+06.jpg,https://raw.githubusercontent.com/nathanaelcodi3-create/amazon-product-images/main/jp-20260803-daiken50-batch2-v1/B2741S01003/B2741S01003%2B06.jpg
B2741S01003,B2741S01003+07.jpg,https://raw.githubusercontent.com/nathanaelcodi3-create/amazon-product-images/main/jp-20260803-daiken50-batch2-v1/B2741S01003/B2741S01003%2B07.jpg
B2741S01003,B2741S01003+08.jpg,https://raw.githubusercontent.com/nathanaelcodi3-create/amazon-product-images/main/jp-20260803-daiken50-batch2-v1/B2741S01003/B2741S01003%2B08.jpg
B2741S01003,B2741S01003+09.jpg,https://raw.githubusercontent.com/nathanaelcodi3-create/amazon-product-images/main/jp-20260803-daiken50-batch2-v1/B2741S01003/B2741S01003%2B09.jpg
B2741S01004,B2741S01004+01.jpg,https://raw.githubusercontent.com/nathanaelcodi3-create/amazon-product-images/main/jp-20260803-daiken50-batch2-v1/B2741S01004/B2741S01004%2B01.jpg
B2741S01004,B2741S01004+02.jpg,https://raw.githubusercontent.com/nathanaelcodi3-create/amazon-product-images/main/jp-20260803-daiken50-batch2-v1/B2741S01004/B2741S01004%2B02.jpg
B2741S01004,B2741S01004+03.jpg,https://raw.githubusercontent.com/nathanaelcodi3-create/amazon-product-images/main/jp-20260803-daiken50-batch2-v1/B2741S01004/B2741S01004%2B03.jpg
B2741S01004,B2741S01004+04.jpg,https://raw.githubusercontent.com/nathanaelcodi3-create/amazon-product-images/main/jp-20260803-daiken50-batch2-v1/B2741S01004/B2741S01004%2B04.jpg
B2741S01004,B2741S01004+05.jpg,https://raw.githubusercontent.com/nathanaelcodi3-create/amazon-product-images/main/jp-20260803-daiken50-batch2-v1/B2741S01004/B2741S01004%2B05.jpg
B2741S01004,B2741S01004+06.jpg,https://raw.githubusercontent.com/nathanaelcodi3-create/amazon-product-images/main/jp-20260803-daiken50-batch2-v1/B2741S01004/B2741S01004%2B06.jpg
B2741S01004,B2741S01004+07.jpg,https://raw.githubusercontent.com/nathanaelcodi3-create/amazon-product-images/main/jp-20260803-daiken50-batch2-v1/B2741S01004/B2741S01004%2B07.jpg
B2741S01004,B2741S01004+08.jpg,https://raw.githubusercontent.com/nathanaelcodi3-create/amazon-product-images/main/jp-20260803-daiken50-batch2-v1/B2741S01004/B2741S01004%2B08.jpg
B2741S01004,B2741S01004+09.jpg,https://raw.githubusercontent.com/nathanaelcodi3-create/amazon-product-images/main/jp-20260803-daiken50-batch2-v1/B2741S01004/B2741S01004%2B09.jpg
B2741S01011,B2741S01011+01.jpg,https://raw.githubusercontent.com/nathanaelcodi3-create/amazon-product-images/main/jp-20260803-daiken50-batch2-v1/B2741S01011/B2741S01011%2B01.jpg
B2741S01011,B2741S01011+02.jpg,https://raw.githubusercontent.com/nathanaelcodi3-create/amazon-product-images/main/jp-20260803-daiken50-batch2-v1/B2741S01011/B2741S01011%2B02.jpg
B2741S01011,B2741S01011+03.jpg,https://raw.githubusercontent.com/nathanaelcodi3-create/amazon-product-images/main/jp-20260803-daiken50-batch2-v1/B2741S01011/B2741S01011%2B03.jpg
B2741S01011,B2741S01011+04.jpg,https://raw.githubusercontent.com/nathanaelcodi3-create/amazon-product-images/main/jp-20260803-daiken50-batch2-v1/B2741S01011/B2741S01011%2B04.jpg
B2741S01011,B2741S01011+05.jpg,https://raw.githubusercontent.com/nathanaelcodi3-create/amazon-product-images/main/jp-20260803-daiken50-batch2-v1/B2741S01011/B2741S01011%2B05.jpg
B2741S01011,B2741S01011+06.jpg,https://raw.githubusercontent.com/nathanaelcodi3-create/amazon-product-images/main/jp-20260803-daiken50-batch2-v1/B2741S01011/B2741S01011%2B06.jpg
B2741S01011,B2741S01011+07.jpg,https://raw.githubusercontent.com/nathanaelcodi3-create/amazon-product-images/main/jp-20260803-daiken50-batch2-v1/B2741S01011/B2741S01011%2B07.jpg
B2741S01011,B2741S01011+08.jpg,https://raw.githubusercontent.com/nathanaelcodi3-create/amazon-product-images/main/jp-20260803-daiken50-batch2-v1/B2741S01011/B2741S01011%2B08.jpg
B2741S01011,B2741S01011+09.jpg,https://raw.githubusercontent.com/nathanaelcodi3-create/amazon-product-images/main/jp-20260803-daiken50-batch2-v1/B2741S01011/B2741S01011%2B09.jpg
N707P250629G,N707P250629G+01.jpg,https://raw.githubusercontent.com/nathanaelcodi3-create/amazon-product-images/main/jp-20260803-daiken50-batch2-v1/N707P250629G/N707P250629G%2B01.jpg
N707P250629G,N707P250629G+02.jpg,https://raw.githubusercontent.com/nathanaelcodi3-create/amazon-product-images/main/jp-20260803-daiken50-batch2-v1/N707P250629G/N707P250629G%2B02.jpg
N707P250629G,N707P250629G+03.jpg,https://raw.githubusercontent.com/nathanaelcodi3-create/amazon-product-images/main/jp-20260803-daiken50-batch2-v1/N707P250629G/N707P250629G%2B03.jpg
N707P250629G,N707P250629G+04.jpg,https://raw.githubusercontent.com/nathanaelcodi3-create/amazon-product-images/main/jp-20260803-daiken50-batch2-v1/N707P250629G/N707P250629G%2B04.jpg
N707P250629G,N707P250629G+05.jpg,https://raw.githubusercontent.com/nathanaelcodi3-create/amazon-product-images/main/jp-20260803-daiken50-batch2-v1/N707P250629G/N707P250629G%2B05.jpg
N707P250629G,N707P250629G+06.jpg,https://raw.githubusercontent.com/nathanaelcodi3-create/amazon-product-images/main/jp-20260803-daiken50-batch2-v1/N707P250629G/N707P250629G%2B06.jpg
N707P250629G,N707P250629G+07.jpg,https://raw.githubusercontent.com/nathanaelcodi3-create/amazon-product-images/main/jp-20260803-daiken50-batch2-v1/N707P250629G/N707P250629G%2B07.jpg
N707P250629G,N707P250629G+08.jpg,https://raw.githubusercontent.com/nathanaelcodi3-create/amazon-product-images/main/jp-20260803-daiken50-batch2-v1/N707P250629G/N707P250629G%2B08.jpg
N707P250629G,N707P250629G+09.jpg,https://raw.githubusercontent.com/nathanaelcodi3-create/amazon-product-images/main/jp-20260803-daiken50-batch2-v1/N707P250629G/N707P250629G%2B09.jpg
N711P192059E,N711P192059E+01.jpg,https://raw.githubusercontent.com/nathanaelcodi3-create/amazon-product-images/main/jp-20260803-daiken50-batch2-v1/N711P192059E/N711P192059E%2B01.jpg
N711P192059E,N711P192059E+02.jpg,https://raw.githubusercontent.com/nathanaelcodi3-create/amazon-product-images/main/jp-20260803-daiken50-batch2-v1/N711P192059E/N711P192059E%2B02.jpg
N711P192059E,N711P192059E+03.jpg,https://raw.githubusercontent.com/nathanaelcodi3-create/amazon-product-images/main/jp-20260803-daiken50-batch2-v1/N711P192059E/N711P192059E%2B03.jpg
N711P192059E,N711P192059E+04.jpg,https://raw.githubusercontent.com/nathanaelcodi3-create/amazon-product-images/main/jp-20260803-daiken50-batch2-v1/N711P192059E/N711P192059E%2B04.jpg
N711P192059E,N711P192059E+05.jpg,https://raw.githubusercontent.com/nathanaelcodi3-create/amazon-product-images/main/jp-20260803-daiken50-batch2-v1/N711P192059E/N711P192059E%2B05.jpg
N711P192059E,N711P192059E+06.jpg,https://raw.githubusercontent.com/nathanaelcodi3-create/amazon-product-images/main/jp-20260803-daiken50-batch2-v1/N711P192059E/N711P192059E%2B06.jpg
N711P192059E,N711P192059E+07.jpg,https://raw.githubusercontent.com/nathanaelcodi3-create/amazon-product-images/main/jp-20260803-daiken50-batch2-v1/N711P192059E/N711P192059E%2B07.jpg
N711P192059E,N711P192059E+08.jpg,https://raw.githubusercontent.com/nathanaelcodi3-create/amazon-product-images/main/jp-20260803-daiken50-batch2-v1/N711P192059E/N711P192059E%2B08.jpg
N711P192059E,N711P192059E+09.jpg,https://raw.githubusercontent.com/nathanaelcodi3-create/amazon-product-images/main/jp-20260803-daiken50-batch2-v1/N711P192059E/N711P192059E%2B09.jpg
N719P380278E,N719P380278E+01.jpg,https://raw.githubusercontent.com/nathanaelcodi3-create/amazon-product-images/main/jp-20260803-daiken50-batch2-v1/N719P380278E/N719P380278E%2B01.jpg
N719P380278E,N719P380278E+02.jpg,https://raw.githubusercontent.com/nathanaelcodi3-create/amazon-product-images/main/jp-20260803-daiken50-batch2-v1/N719P380278E/N719P380278E%2B02.jpg
N719P380278E,N719P380278E+03.jpg,https://raw.githubusercontent.com/nathanaelcodi3-create/amazon-product-images/main/jp-20260803-daiken50-batch2-v1/N719P380278E/N719P380278E%2B03.jpg
N719P380278E,N719P380278E+04.jpg,https://raw.githubusercontent.com/nathanaelcodi3-create/amazon-product-images/main/jp-20260803-daiken50-batch2-v1/N719P380278E/N719P380278E%2B04.jpg
N719P380278E,N719P380278E+05.jpg,https://raw.githubusercontent.com/nathanaelcodi3-create/amazon-product-images/main/jp-20260803-daiken50-batch2-v1/N719P380278E/N719P380278E%2B05.jpg
N719P380278E,N719P380278E+06.jpg,https://raw.githubusercontent.com/nathanaelcodi3-create/amazon-product-images/main/jp-20260803-daiken50-batch2-v1/N719P380278E/N719P380278E%2B06.jpg
N719P380278E,N719P380278E+07.jpg,https://raw.githubusercontent.com/nathanaelcodi3-create/amazon-product-images/main/jp-20260803-daiken50-batch2-v1/N719P380278E/N719P380278E%2B07.jpg
N719P380278E,N719P380278E+08.jpg,https://raw.githubusercontent.com/nathanaelcodi3-create/amazon-product-images/main/jp-20260803-daiken50-batch2-v1/N719P380278E/N719P380278E%2B08.jpg
N719P380278E,N719P380278E+09.jpg,https://raw.githubusercontent.com/nathanaelcodi3-create/amazon-product-images/main/jp-20260803-daiken50-batch2-v1/N719P380278E/N719P380278E%2B09.jpg
N719P380278K,N719P380278K+01.jpg,https://raw.githubusercontent.com/nathanaelcodi3-create/amazon-product-images/main/jp-20260803-daiken50-batch2-v1/N719P380278K/N719P380278K%2B01.jpg
N719P380278K,N719P380278K+02.jpg,https://raw.githubusercontent.com/nathanaelcodi3-create/amazon-product-images/main/jp-20260803-daiken50-batch2-v1/N719P380278K/N719P380278K%2B02.jpg
N719P380278K,N719P380278K+03.jpg,https://raw.githubusercontent.com/nathanaelcodi3-create/amazon-product-images/main/jp-20260803-daiken50-batch2-v1/N719P380278K/N719P380278K%2B03.jpg
N719P380278K,N719P380278K+04.jpg,https://raw.githubusercontent.com/nathanaelcodi3-create/amazon-product-images/main/jp-20260803-daiken50-batch2-v1/N719P380278K/N719P380278K%2B04.jpg
N719P380278K,N719P380278K+05.jpg,https://raw.githubusercontent.com/nathanaelcodi3-create/amazon-product-images/main/jp-20260803-daiken50-batch2-v1/N719P380278K/N719P380278K%2B05.jpg
N719P380278K,N719P380278K+06.jpg,https://raw.githubusercontent.com/nathanaelcodi3-create/amazon-product-images/main/jp-20260803-daiken50-batch2-v1/N719P380278K/N719P380278K%2B06.jpg
N719P380278K,N719P380278K+07.jpg,https://raw.githubusercontent.com/nathanaelcodi3-create/amazon-product-images/main/jp-20260803-daiken50-batch2-v1/N719P380278K/N719P380278K%2B07.jpg
N719P380278K,N719P380278K+08.jpg,https://raw.githubusercontent.com/nathanaelcodi3-create/amazon-product-images/main/jp-20260803-daiken50-batch2-v1/N719P380278K/N719P380278K%2B08.jpg
N719P380278K,N719P380278K+09.jpg,https://raw.githubusercontent.com/nathanaelcodi3-create/amazon-product-images/main/jp-20260803-daiken50-batch2-v1/N719P380278K/N719P380278K%2B09.jpg
N719P380278S,N719P380278S+01.jpg,https://raw.githubusercontent.com/nathanaelcodi3-create/amazon-product-images/main/jp-20260803-daiken50-batch2-v1/N719P380278S/N719P380278S%2B01.jpg
N719P380278S,N719P380278S+02.jpg,https://raw.githubusercontent.com/nathanaelcodi3-create/amazon-product-images/main/jp-20260803-daiken50-batch2-v1/N719P380278S/N719P380278S%2B02.jpg
N719P380278S,N719P380278S+03.jpg,https://raw.githubusercontent.com/nathanaelcodi3-create/amazon-product-images/main/jp-20260803-daiken50-batch2-v1/N719P380278S/N719P380278S%2B03.jpg
N719P380278S,N719P380278S+04.jpg,https://raw.githubusercontent.com/nathanaelcodi3-create/amazon-product-images/main/jp-20260803-daiken50-batch2-v1/N719P380278S/N719P380278S%2B04.jpg
N719P380278S,N719P380278S+05.jpg,https://raw.githubusercontent.com/nathanaelcodi3-create/amazon-product-images/main/jp-20260803-daiken50-batch2-v1/N719P380278S/N719P380278S%2B05.jpg
N719P380278S,N719P380278S+06.jpg,https://raw.githubusercontent.com/nathanaelcodi3-create/amazon-product-images/main/jp-20260803-daiken50-batch2-v1/N719P380278S/N719P380278S%2B06.jpg
N719P380278S,N719P380278S+07.jpg,https://raw.githubusercontent.com/nathanaelcodi3-create/amazon-product-images/main/jp-20260803-daiken50-batch2-v1/N719P380278S/N719P380278S%2B07.jpg
N719P380278S,N719P380278S+08.jpg,https://raw.githubusercontent.com/nathanaelcodi3-create/amazon-product-images/main/jp-20260803-daiken50-batch2-v1/N719P380278S/N719P380278S%2B08.jpg
N719P380278S,N719P380278S+09.jpg,https://raw.githubusercontent.com/nathanaelcodi3-create/amazon-product-images/main/jp-20260803-daiken50-batch2-v1/N719P380278S/N719P380278S%2B09.jpg
N719P380281N,N719P380281N+01.jpg,https://raw.githubusercontent.com/nathanaelcodi3-create/amazon-product-images/main/jp-20260803-daiken50-batch2-v1/N719P380281N/N719P380281N%2B01.jpg
N719P380281N,N719P380281N+02.jpg,https://raw.githubusercontent.com/nathanaelcodi3-create/amazon-product-images/main/jp-20260803-daiken50-batch2-v1/N719P380281N/N719P380281N%2B02.jpg
N719P380281N,N719P380281N+03.jpg,https://raw.githubusercontent.com/nathanaelcodi3-create/amazon-product-images/main/jp-20260803-daiken50-batch2-v1/N719P380281N/N719P380281N%2B03.jpg
N719P380281N,N719P380281N+04.jpg,https://raw.githubusercontent.com/nathanaelcodi3-create/amazon-product-images/main/jp-20260803-daiken50-batch2-v1/N719P380281N/N719P380281N%2B04.jpg
N719P380281N,N719P380281N+05.jpg,https://raw.githubusercontent.com/nathanaelcodi3-create/amazon-product-images/main/jp-20260803-daiken50-batch2-v1/N719P380281N/N719P380281N%2B05.jpg
N719P380281N,N719P380281N+06.jpg,https://raw.githubusercontent.com/nathanaelcodi3-create/amazon-product-images/main/jp-20260803-daiken50-batch2-v1/N719P380281N/N719P380281N%2B06.jpg
N719P380281N,N719P380281N+07.jpg,https://raw.githubusercontent.com/nathanaelcodi3-create/amazon-product-images/main/jp-20260803-daiken50-batch2-v1/N719P380281N/N719P380281N%2B07.jpg
N719P380281N,N719P380281N+08.jpg,https://raw.githubusercontent.com/nathanaelcodi3-create/amazon-product-images/main/jp-20260803-daiken50-batch2-v1/N719P380281N/N719P380281N%2B08.jpg
N719P380281N,N719P380281N+09.jpg,https://raw.githubusercontent.com/nathanaelcodi3-create/amazon-product-images/main/jp-20260803-daiken50-batch2-v1/N719P380281N/N719P380281N%2B09.jpg
N719P407403B,N719P407403B+01.jpg,https://raw.githubusercontent.com/nathanaelcodi3-create/amazon-product-images/main/jp-20260803-daiken50-batch2-v1/N719P407403B/N719P407403B%2B01.jpg
N719P407403B,N719P407403B+02.jpg,https://raw.githubusercontent.com/nathanaelcodi3-create/amazon-product-images/main/jp-20260803-daiken50-batch2-v1/N719P407403B/N719P407403B%2B02.jpg
N719P407403B,N719P407403B+03.jpg,https://raw.githubusercontent.com/nathanaelcodi3-create/amazon-product-images/main/jp-20260803-daiken50-batch2-v1/N719P407403B/N719P407403B%2B03.jpg
N719P407403B,N719P407403B+04.jpg,https://raw.githubusercontent.com/nathanaelcodi3-create/amazon-product-images/main/jp-20260803-daiken50-batch2-v1/N719P407403B/N719P407403B%2B04.jpg
N719P407403B,N719P407403B+05.jpg,https://raw.githubusercontent.com/nathanaelcodi3-create/amazon-product-images/main/jp-20260803-daiken50-batch2-v1/N719P407403B/N719P407403B%2B05.jpg
N719P407403B,N719P407403B+06.jpg,https://raw.githubusercontent.com/nathanaelcodi3-create/amazon-product-images/main/jp-20260803-daiken50-batch2-v1/N719P407403B/N719P407403B%2B06.jpg
N719P407403B,N719P407403B+07.jpg,https://raw.githubusercontent.com/nathanaelcodi3-create/amazon-product-images/main/jp-20260803-daiken50-batch2-v1/N719P407403B/N719P407403B%2B07.jpg
N719P407403B,N719P407403B+08.jpg,https://raw.githubusercontent.com/nathanaelcodi3-create/amazon-product-images/main/jp-20260803-daiken50-batch2-v1/N719P407403B/N719P407403B%2B08.jpg
N719P407403B,N719P407403B+09.jpg,https://raw.githubusercontent.com/nathanaelcodi3-create/amazon-product-images/main/jp-20260803-daiken50-batch2-v1/N719P407403B/N719P407403B%2B09.jpg
W1803P251886,W1803P251886+01.jpg,https://raw.githubusercontent.com/nathanaelcodi3-create/amazon-product-images/main/jp-20260803-daiken50-batch2-v1/W1803P251886/W1803P251886%2B01.jpg
W1803P251886,W1803P251886+02.jpg,https://raw.githubusercontent.com/nathanaelcodi3-create/amazon-product-images/main/jp-20260803-daiken50-batch2-v1/W1803P251886/W1803P251886%2B02.jpg
W1803P251886,W1803P251886+03.jpg,https://raw.githubusercontent.com/nathanaelcodi3-create/amazon-product-images/main/jp-20260803-daiken50-batch2-v1/W1803P251886/W1803P251886%2B03.jpg
W1803P251886,W1803P251886+04.jpg,https://raw.githubusercontent.com/nathanaelcodi3-create/amazon-product-images/main/jp-20260803-daiken50-batch2-v1/W1803P251886/W1803P251886%2B04.jpg
W1803P251886,W1803P251886+05.jpg,https://raw.githubusercontent.com/nathanaelcodi3-create/amazon-product-images/main/jp-20260803-daiken50-batch2-v1/W1803P251886/W1803P251886%2B05.jpg
W1803P251886,W1803P251886+06.jpg,https://raw.githubusercontent.com/nathanaelcodi3-create/amazon-product-images/main/jp-20260803-daiken50-batch2-v1/W1803P251886/W1803P251886%2B06.jpg
W1803P251886,W1803P251886+07.jpg,https://raw.githubusercontent.com/nathanaelcodi3-create/amazon-product-images/main/jp-20260803-daiken50-batch2-v1/W1803P251886/W1803P251886%2B07.jpg
W1803P251886,W1803P251886+08.jpg,https://raw.githubusercontent.com/nathanaelcodi3-create/amazon-product-images/main/jp-20260803-daiken50-batch2-v1/W1803P251886/W1803P251886%2B08.jpg
W1803P251886,W1803P251886+09.jpg,https://raw.githubusercontent.com/nathanaelcodi3-create/amazon-product-images/main/jp-20260803-daiken50-batch2-v1/W1803P251886/W1803P251886%2B09.jpg
W1803P251887,W1803P251887+01.jpg,https://raw.githubusercontent.com/nathanaelcodi3-create/amazon-product-images/main/jp-20260803-daiken50-batch2-v1/W1803P251887/W1803P251887%2B01.jpg
W1803P251887,W1803P251887+02.jpg,https://raw.githubusercontent.com/nathanaelcodi3-create/amazon-product-images/main/jp-20260803-daiken50-batch2-v1/W1803P251887/W1803P251887%2B02.jpg
W1803P251887,W1803P251887+03.jpg,https://raw.githubusercontent.com/nathanaelcodi3-create/amazon-product-images/main/jp-20260803-daiken50-batch2-v1/W1803P251887/W1803P251887%2B03.jpg
W1803P251887,W1803P251887+04.jpg,https://raw.githubusercontent.com/nathanaelcodi3-create/amazon-product-images/main/jp-20260803-daiken50-batch2-v1/W1803P251887/W1803P251887%2B04.jpg
W1803P251887,W1803P251887+05.jpg,https://raw.githubusercontent.com/nathanaelcodi3-create/amazon-product-images/main/jp-20260803-daiken50-batch2-v1/W1803P251887/W1803P251887%2B05.jpg
W1803P251887,W1803P251887+06.jpg,https://raw.githubusercontent.com/nathanaelcodi3-create/amazon-product-images/main/jp-20260803-daiken50-batch2-v1/W1803P251887/W1803P251887%2B06.jpg
W1803P251887,W1803P251887+07.jpg,https://raw.githubusercontent.com/nathanaelcodi3-create/amazon-product-images/main/jp-20260803-daiken50-batch2-v1/W1803P251887/W1803P251887%2B07.jpg
W1803P251887,W1803P251887+08.jpg,https://raw.githubusercontent.com/nathanaelcodi3-create/amazon-product-images/main/jp-20260803-daiken50-batch2-v1/W1803P251887/W1803P251887%2B08.jpg
W1803P251887,W1803P251887+09.jpg,https://raw.githubusercontent.com/nathanaelcodi3-create/amazon-product-images/main/jp-20260803-daiken50-batch2-v1/W1803P251887/W1803P251887%2B09.jpg
W1803P264051,W1803P264051+01.jpg,https://raw.githubusercontent.com/nathanaelcodi3-create/amazon-product-images/main/jp-20260803-daiken50-batch2-v1/W1803P264051/W1803P264051%2B01.jpg
W1803P264051,W1803P264051+02.jpg,https://raw.githubusercontent.com/nathanaelcodi3-create/amazon-product-images/main/jp-20260803-daiken50-batch2-v1/W1803P264051/W1803P264051%2B02.jpg
W1803P264051,W1803P264051+03.jpg,https://raw.githubusercontent.com/nathanaelcodi3-create/amazon-product-images/main/jp-20260803-daiken50-batch2-v1/W1803P264051/W1803P264051%2B03.jpg
W1803P264051,W1803P264051+04.jpg,https://raw.githubusercontent.com/nathanaelcodi3-create/amazon-product-images/main/jp-20260803-daiken50-batch2-v1/W1803P264051/W1803P264051%2B04.jpg
W1803P264051,W1803P264051+05.jpg,https://raw.githubusercontent.com/nathanaelcodi3-create/amazon-product-images/main/jp-20260803-daiken50-batch2-v1/W1803P264051/W1803P264051%2B05.jpg
W1803P264051,W1803P264051+06.jpg,https://raw.githubusercontent.com/nathanaelcodi3-create/amazon-product-images/main/jp-20260803-daiken50-batch2-v1/W1803P264051/W1803P264051%2B06.jpg
W1803P264051,W1803P264051+07.jpg,https://raw.githubusercontent.com/nathanaelcodi3-create/amazon-product-images/main/jp-20260803-daiken50-batch2-v1/W1803P264051/W1803P264051%2B07.jpg
W1803P264051,W1803P264051+08.jpg,https://raw.githubusercontent.com/nathanaelcodi3-create/amazon-product-images/main/jp-20260803-daiken50-batch2-v1/W1803P264051/W1803P264051%2B08.jpg
W1803P264051,W1803P264051+09.jpg,https://raw.githubusercontent.com/nathanaelcodi3-create/amazon-product-images/main/jp-20260803-daiken50-batch2-v1/W1803P264051/W1803P264051%2B09.jpg
W1803P321821,W1803P321821+01.jpg,https://raw.githubusercontent.com/nathanaelcodi3-create/amazon-product-images/main/jp-20260803-daiken50-batch2-v1/W1803P321821/W1803P321821%2B01.jpg
W1803P321821,W1803P321821+02.jpg,https://raw.githubusercontent.com/nathanaelcodi3-create/amazon-product-images/main/jp-20260803-daiken50-batch2-v1/W1803P321821/W1803P321821%2B02.jpg
W1803P321821,W1803P321821+03.jpg,https://raw.githubusercontent.com/nathanaelcodi3-create/amazon-product-images/main/jp-20260803-daiken50-batch2-v1/W1803P321821/W1803P321821%2B03.jpg
W1803P321821,W1803P321821+04.jpg,https://raw.githubusercontent.com/nathanaelcodi3-create/amazon-product-images/main/jp-20260803-daiken50-batch2-v1/W1803P321821/W1803P321821%2B04.jpg
W1803P321821,W1803P321821+05.jpg,https://raw.githubusercontent.com/nathanaelcodi3-create/amazon-product-images/main/jp-20260803-daiken50-batch2-v1/W1803P321821/W1803P321821%2B05.jpg
W1803P321821,W1803P321821+06.jpg,https://raw.githubusercontent.com/nathanaelcodi3-create/amazon-product-images/main/jp-20260803-daiken50-batch2-v1/W1803P321821/W1803P321821%2B06.jpg
W1803P321821,W1803P321821+07.jpg,https://raw.githubusercontent.com/nathanaelcodi3-create/amazon-product-images/main/jp-20260803-daiken50-batch2-v1/W1803P321821/W1803P321821%2B07.jpg
W1803P321821,W1803P321821+08.jpg,https://raw.githubusercontent.com/nathanaelcodi3-create/amazon-product-images/main/jp-20260803-daiken50-batch2-v1/W1803P321821/W1803P321821%2B08.jpg
W1803P321821,W1803P321821+09.jpg,https://raw.githubusercontent.com/nathanaelcodi3-create/amazon-product-images/main/jp-20260803-daiken50-batch2-v1/W1803P321821/W1803P321821%2B09.jpg
W1803S00013,W1803S00013+01.jpg,https://raw.githubusercontent.com/nathanaelcodi3-create/amazon-product-images/main/jp-20260803-daiken50-batch2-v1/W1803S00013/W1803S00013%2B01.jpg
W1803S00013,W1803S00013+02.jpg,https://raw.githubusercontent.com/nathanaelcodi3-create/amazon-product-images/main/jp-20260803-daiken50-batch2-v1/W1803S00013/W1803S00013%2B02.jpg
W1803S00013,W1803S00013+03.jpg,https://raw.githubusercontent.com/nathanaelcodi3-create/amazon-product-images/main/jp-20260803-daiken50-batch2-v1/W1803S00013/W1803S00013%2B03.jpg
W1803S00013,W1803S00013+04.jpg,https://raw.githubusercontent.com/nathanaelcodi3-create/amazon-product-images/main/jp-20260803-daiken50-batch2-v1/W1803S00013/W1803S00013%2B04.jpg
W1803S00013,W1803S00013+05.jpg,https://raw.githubusercontent.com/nathanaelcodi3-create/amazon-product-images/main/jp-20260803-daiken50-batch2-v1/W1803S00013/W1803S00013%2B05.jpg
W1803S00013,W1803S00013+06.jpg,https://raw.githubusercontent.com/nathanaelcodi3-create/amazon-product-images/main/jp-20260803-daiken50-batch2-v1/W1803S00013/W1803S00013%2B06.jpg
W1803S00013,W1803S00013+07.jpg,https://raw.githubusercontent.com/nathanaelcodi3-create/amazon-product-images/main/jp-20260803-daiken50-batch2-v1/W1803S00013/W1803S00013%2B07.jpg
W1803S00013,W1803S00013+08.jpg,https://raw.githubusercontent.com/nathanaelcodi3-create/amazon-product-images/main/jp-20260803-daiken50-batch2-v1/W1803S00013/W1803S00013%2B08.jpg
W1803S00013,W1803S00013+09.jpg,https://raw.githubusercontent.com/nathanaelcodi3-create/amazon-product-images/main/jp-20260803-daiken50-batch2-v1/W1803S00013/W1803S00013%2B09.jpg
W1803S00015,W1803S00015+01.jpg,https://raw.githubusercontent.com/nathanaelcodi3-create/amazon-product-images/main/jp-20260803-daiken50-batch2-v1/W1803S00015/W1803S00015%2B01.jpg
W1803S00015,W1803S00015+02.jpg,https://raw.githubusercontent.com/nathanaelcodi3-create/amazon-product-images/main/jp-20260803-daiken50-batch2-v1/W1803S00015/W1803S00015%2B02.jpg
W1803S00015,W1803S00015+03.jpg,https://raw.githubusercontent.com/nathanaelcodi3-create/amazon-product-images/main/jp-20260803-daiken50-batch2-v1/W1803S00015/W1803S00015%2B03.jpg
W1803S00015,W1803S00015+04.jpg,https://raw.githubusercontent.com/nathanaelcodi3-create/amazon-product-images/main/jp-20260803-daiken50-batch2-v1/W1803S00015/W1803S00015%2B04.jpg
W1803S00015,W1803S00015+05.jpg,https://raw.githubusercontent.com/nathanaelcodi3-create/amazon-product-images/main/jp-20260803-daiken50-batch2-v1/W1803S00015/W1803S00015%2B05.jpg
W1803S00015,W1803S00015+06.jpg,https://raw.githubusercontent.com/nathanaelcodi3-create/amazon-product-images/main/jp-20260803-daiken50-batch2-v1/W1803S00015/W1803S00015%2B06.jpg
W1803S00015,W1803S00015+07.jpg,https://raw.githubusercontent.com/nathanaelcodi3-create/amazon-product-images/main/jp-20260803-daiken50-batch2-v1/W1803S00015/W1803S00015%2B07.jpg
W1803S00015,W1803S00015+08.jpg,https://raw.githubusercontent.com/nathanaelcodi3-create/amazon-product-images/main/jp-20260803-daiken50-batch2-v1/W1803S00015/W1803S00015%2B08.jpg
W1803S00015,W1803S00015+09.jpg,https://raw.githubusercontent.com/nathanaelcodi3-create/amazon-product-images/main/jp-20260803-daiken50-batch2-v1/W1803S00015/W1803S00015%2B09.jpg
W1803S00064,W1803S00064+01.jpg,https://raw.githubusercontent.com/nathanaelcodi3-create/amazon-product-images/main/jp-20260803-daiken50-batch2-v1/W1803S00064/W1803S00064%2B01.jpg
W1803S00064,W1803S00064+02.jpg,https://raw.githubusercontent.com/nathanaelcodi3-create/amazon-product-images/main/jp-20260803-daiken50-batch2-v1/W1803S00064/W1803S00064%2B02.jpg
W1803S00064,W1803S00064+03.jpg,https://raw.githubusercontent.com/nathanaelcodi3-create/amazon-product-images/main/jp-20260803-daiken50-batch2-v1/W1803S00064/W1803S00064%2B03.jpg
W1803S00064,W1803S00064+04.jpg,https://raw.githubusercontent.com/nathanaelcodi3-create/amazon-product-images/main/jp-20260803-daiken50-batch2-v1/W1803S00064/W1803S00064%2B04.jpg
W1803S00064,W1803S00064+05.jpg,https://raw.githubusercontent.com/nathanaelcodi3-create/amazon-product-images/main/jp-20260803-daiken50-batch2-v1/W1803S00064/W1803S00064%2B05.jpg
W1803S00064,W1803S00064+06.jpg,https://raw.githubusercontent.com/nathanaelcodi3-create/amazon-product-images/main/jp-20260803-daiken50-batch2-v1/W1803S00064/W1803S00064%2B06.jpg
W1803S00064,W1803S00064+07.jpg,https://raw.githubusercontent.com/nathanaelcodi3-create/amazon-product-images/main/jp-20260803-daiken50-batch2-v1/W1803S00064/W1803S00064%2B07.jpg
W1803S00064,W1803S00064+08.jpg,https://raw.githubusercontent.com/nathanaelcodi3-create/amazon-product-images/main/jp-20260803-daiken50-batch2-v1/W1803S00064/W1803S00064%2B08.jpg
W1803S00064,W1803S00064+09.jpg,https://raw.githubusercontent.com/nathanaelcodi3-create/amazon-product-images/main/jp-20260803-daiken50-batch2-v1/W1803S00064/W1803S00064%2B09.jpg
W1803S00066,W1803S00066+01.jpg,https://raw.githubusercontent.com/nathanaelcodi3-create/amazon-product-images/main/jp-20260803-daiken50-batch2-v1/W1803S00066/W1803S00066%2B01.jpg
W1803S00066,W1803S00066+02.jpg,https://raw.githubusercontent.com/nathanaelcodi3-create/amazon-product-images/main/jp-20260803-daiken50-batch2-v1/W1803S00066/W1803S00066%2B02.jpg
W1803S00066,W1803S00066+03.jpg,https://raw.githubusercontent.com/nathanaelcodi3-create/amazon-product-images/main/jp-20260803-daiken50-batch2-v1/W1803S00066/W1803S00066%2B03.jpg
W1803S00066,W1803S00066+04.jpg,https://raw.githubusercontent.com/nathanaelcodi3-create/amazon-product-images/main/jp-20260803-daiken50-batch2-v1/W1803S00066/W1803S00066%2B04.jpg
W1803S00066,W1803S00066+05.jpg,https://raw.githubusercontent.com/nathanaelcodi3-create/amazon-product-images/main/jp-20260803-daiken50-batch2-v1/W1803S00066/W1803S00066%2B05.jpg
W1803S00066,W1803S00066+06.jpg,https://raw.githubusercontent.com/nathanaelcodi3-create/amazon-product-images/main/jp-20260803-daiken50-batch2-v1/W1803S00066/W1803S00066%2B06.jpg
W1803S00066,W1803S00066+07.jpg,https://raw.githubusercontent.com/nathanaelcodi3-create/amazon-product-images/main/jp-20260803-daiken50-batch2-v1/W1803S00066/W1803S00066%2B07.jpg
W1803S00066,W1803S00066+08.jpg,https://raw.githubusercontent.com/nathanaelcodi3-create/amazon-product-images/main/jp-20260803-daiken50-batch2-v1/W1803S00066/W1803S00066%2B08.jpg
W1803S00066,W1803S00066+09.jpg,https://raw.githubusercontent.com/nathanaelcodi3-create/amazon-product-images/main/jp-20260803-daiken50-batch2-v1/W1803S00066/W1803S00066%2B09.jpg
W1803S00067,W1803S00067+01.jpg,https://raw.githubusercontent.com/nathanaelcodi3-create/amazon-product-images/main/jp-20260803-daiken50-batch2-v1/W1803S00067/W1803S00067%2B01.jpg
W1803S00067,W1803S00067+02.jpg,https://raw.githubusercontent.com/nathanaelcodi3-create/amazon-product-images/main/jp-20260803-daiken50-batch2-v1/W1803S00067/W1803S00067%2B02.jpg
W1803S00067,W1803S00067+03.jpg,https://raw.githubusercontent.com/nathanaelcodi3-create/amazon-product-images/main/jp-20260803-daiken50-batch2-v1/W1803S00067/W1803S00067%2B03.jpg
W1803S00067,W1803S00067+04.jpg,https://raw.githubusercontent.com/nathanaelcodi3-create/amazon-product-images/main/jp-20260803-daiken50-batch2-v1/W1803S00067/W1803S00067%2B04.jpg
W1803S00067,W1803S00067+05.jpg,https://raw.githubusercontent.com/nathanaelcodi3-create/amazon-product-images/main/jp-20260803-daiken50-batch2-v1/W1803S00067/W1803S00067%2B05.jpg
W1803S00067,W1803S00067+06.jpg,https://raw.githubusercontent.com/nathanaelcodi3-create/amazon-product-images/main/jp-20260803-daiken50-batch2-v1/W1803S00067/W1803S00067%2B06.jpg
W1803S00067,W1803S00067+07.jpg,https://raw.githubusercontent.com/nathanaelcodi3-create/amazon-product-images/main/jp-20260803-daiken50-batch2-v1/W1803S00067/W1803S00067%2B07.jpg
W1803S00067,W1803S00067+08.jpg,https://raw.githubusercontent.com/nathanaelcodi3-create/amazon-product-images/main/jp-20260803-daiken50-batch2-v1/W1803S00067/W1803S00067%2B08.jpg
W1803S00067,W1803S00067+09.jpg,https://raw.githubusercontent.com/nathanaelcodi3-create/amazon-product-images/main/jp-20260803-daiken50-batch2-v1/W1803S00067/W1803S00067%2B09.jpg
W1803S00068,W1803S00068+01.jpg,https://raw.githubusercontent.com/nathanaelcodi3-create/amazon-product-images/main/jp-20260803-daiken50-batch2-v1/W1803S00068/W1803S00068%2B01.jpg
W1803S00068,W1803S00068+02.jpg,https://raw.githubusercontent.com/nathanaelcodi3-create/amazon-product-images/main/jp-20260803-daiken50-batch2-v1/W1803S00068/W1803S00068%2B02.jpg
W1803S00068,W1803S00068+03.jpg,https://raw.githubusercontent.com/nathanaelcodi3-create/amazon-product-images/main/jp-20260803-daiken50-batch2-v1/W1803S00068/W1803S00068%2B03.jpg
W1803S00068,W1803S00068+04.jpg,https://raw.githubusercontent.com/nathanaelcodi3-create/amazon-product-images/main/jp-20260803-daiken50-batch2-v1/W1803S00068/W1803S00068%2B04.jpg
W1803S00068,W1803S00068+05.jpg,https://raw.githubusercontent.com/nathanaelcodi3-create/amazon-product-images/main/jp-20260803-daiken50-batch2-v1/W1803S00068/W1803S00068%2B05.jpg
W1803S00068,W1803S00068+06.jpg,https://raw.githubusercontent.com/nathanaelcodi3-create/amazon-product-images/main/jp-20260803-daiken50-batch2-v1/W1803S00068/W1803S00068%2B06.jpg
W1803S00068,W1803S00068+07.jpg,https://raw.githubusercontent.com/nathanaelcodi3-create/amazon-product-images/main/jp-20260803-daiken50-batch2-v1/W1803S00068/W1803S00068%2B07.jpg
W1803S00068,W1803S00068+08.jpg,https://raw.githubusercontent.com/nathanaelcodi3-create/amazon-product-images/main/jp-20260803-daiken50-batch2-v1/W1803S00068/W1803S00068%2B08.jpg
W1803S00068,W1803S00068+09.jpg,https://raw.githubusercontent.com/nathanaelcodi3-create/amazon-product-images/main/jp-20260803-daiken50-batch2-v1/W1803S00068/W1803S00068%2B09.jpg
W2139P193930,W2139P193930+01.jpg,https://raw.githubusercontent.com/nathanaelcodi3-create/amazon-product-images/main/jp-20260803-daiken50-batch2-v1/W2139P193930/W2139P193930%2B01.jpg
W2139P193930,W2139P193930+02.jpg,https://raw.githubusercontent.com/nathanaelcodi3-create/amazon-product-images/main/jp-20260803-daiken50-batch2-v1/W2139P193930/W2139P193930%2B02.jpg
W2139P193930,W2139P193930+03.jpg,https://raw.githubusercontent.com/nathanaelcodi3-create/amazon-product-images/main/jp-20260803-daiken50-batch2-v1/W2139P193930/W2139P193930%2B03.jpg
W2139P193930,W2139P193930+04.jpg,https://raw.githubusercontent.com/nathanaelcodi3-create/amazon-product-images/main/jp-20260803-daiken50-batch2-v1/W2139P193930/W2139P193930%2B04.jpg
W2139P193930,W2139P193930+05.jpg,https://raw.githubusercontent.com/nathanaelcodi3-create/amazon-product-images/main/jp-20260803-daiken50-batch2-v1/W2139P193930/W2139P193930%2B05.jpg
W2139P193930,W2139P193930+06.jpg,https://raw.githubusercontent.com/nathanaelcodi3-create/amazon-product-images/main/jp-20260803-daiken50-batch2-v1/W2139P193930/W2139P193930%2B06.jpg
W2139P194436,W2139P194436+01.jpg,https://raw.githubusercontent.com/nathanaelcodi3-create/amazon-product-images/main/jp-20260803-daiken50-batch2-v1/W2139P194436/W2139P194436%2B01.jpg
W2139P194436,W2139P194436+02.jpg,https://raw.githubusercontent.com/nathanaelcodi3-create/amazon-product-images/main/jp-20260803-daiken50-batch2-v1/W2139P194436/W2139P194436%2B02.jpg
W2139P194436,W2139P194436+03.jpg,https://raw.githubusercontent.com/nathanaelcodi3-create/amazon-product-images/main/jp-20260803-daiken50-batch2-v1/W2139P194436/W2139P194436%2B03.jpg
W2139P194436,W2139P194436+04.jpg,https://raw.githubusercontent.com/nathanaelcodi3-create/amazon-product-images/main/jp-20260803-daiken50-batch2-v1/W2139P194436/W2139P194436%2B04.jpg
W2139P194436,W2139P194436+05.jpg,https://raw.githubusercontent.com/nathanaelcodi3-create/amazon-product-images/main/jp-20260803-daiken50-batch2-v1/W2139P194436/W2139P194436%2B05.jpg
W2139P194436,W2139P194436+06.jpg,https://raw.githubusercontent.com/nathanaelcodi3-create/amazon-product-images/main/jp-20260803-daiken50-batch2-v1/W2139P194436/W2139P194436%2B06.jpg
W2139P194436,W2139P194436+07.jpg,https://raw.githubusercontent.com/nathanaelcodi3-create/amazon-product-images/main/jp-20260803-daiken50-batch2-v1/W2139P194436/W2139P194436%2B07.jpg
W2139P194436,W2139P194436+08.jpg,https://raw.githubusercontent.com/nathanaelcodi3-create/amazon-product-images/main/jp-20260803-daiken50-batch2-v1/W2139P194436/W2139P194436%2B08.jpg
W2139P194438,W2139P194438+01.jpg,https://raw.githubusercontent.com/nathanaelcodi3-create/amazon-product-images/main/jp-20260803-daiken50-batch2-v1/W2139P194438/W2139P194438%2B01.jpg
W2139P194438,W2139P194438+02.jpg,https://raw.githubusercontent.com/nathanaelcodi3-create/amazon-product-images/main/jp-20260803-daiken50-batch2-v1/W2139P194438/W2139P194438%2B02.jpg
W2139P194438,W2139P194438+03.jpg,https://raw.githubusercontent.com/nathanaelcodi3-create/amazon-product-images/main/jp-20260803-daiken50-batch2-v1/W2139P194438/W2139P194438%2B03.jpg
W2139P194438,W2139P194438+04.jpg,https://raw.githubusercontent.com/nathanaelcodi3-create/amazon-product-images/main/jp-20260803-daiken50-batch2-v1/W2139P194438/W2139P194438%2B04.jpg
W2139P194438,W2139P194438+05.jpg,https://raw.githubusercontent.com/nathanaelcodi3-create/amazon-product-images/main/jp-20260803-daiken50-batch2-v1/W2139P194438/W2139P194438%2B05.jpg
W2139P194438,W2139P194438+06.jpg,https://raw.githubusercontent.com/nathanaelcodi3-create/amazon-product-images/main/jp-20260803-daiken50-batch2-v1/W2139P194438/W2139P194438%2B06.jpg
W2139P194438,W2139P194438+07.jpg,https://raw.githubusercontent.com/nathanaelcodi3-create/amazon-product-images/main/jp-20260803-daiken50-batch2-v1/W2139P194438/W2139P194438%2B07.jpg
W2139P194438,W2139P194438+08.jpg,https://raw.githubusercontent.com/nathanaelcodi3-create/amazon-product-images/main/jp-20260803-daiken50-batch2-v1/W2139P194438/W2139P194438%2B08.jpg
W2311P457724,W2311P457724+01.jpg,https://raw.githubusercontent.com/nathanaelcodi3-create/amazon-product-images/main/jp-20260803-daiken50-batch2-v1/W2311P457724/W2311P457724%2B01.jpg
W2311P457724,W2311P457724+02.jpg,https://raw.githubusercontent.com/nathanaelcodi3-create/amazon-product-images/main/jp-20260803-daiken50-batch2-v1/W2311P457724/W2311P457724%2B02.jpg
W2311P457724,W2311P457724+03.jpg,https://raw.githubusercontent.com/nathanaelcodi3-create/amazon-product-images/main/jp-20260803-daiken50-batch2-v1/W2311P457724/W2311P457724%2B03.jpg
W2311P457724,W2311P457724+04.jpg,https://raw.githubusercontent.com/nathanaelcodi3-create/amazon-product-images/main/jp-20260803-daiken50-batch2-v1/W2311P457724/W2311P457724%2B04.jpg
W2311P457724,W2311P457724+05.jpg,https://raw.githubusercontent.com/nathanaelcodi3-create/amazon-product-images/main/jp-20260803-daiken50-batch2-v1/W2311P457724/W2311P457724%2B05.jpg
W2311P457724,W2311P457724+06.jpg,https://raw.githubusercontent.com/nathanaelcodi3-create/amazon-product-images/main/jp-20260803-daiken50-batch2-v1/W2311P457724/W2311P457724%2B06.jpg
W2311P457724,W2311P457724+07.jpg,https://raw.githubusercontent.com/nathanaelcodi3-create/amazon-product-images/main/jp-20260803-daiken50-batch2-v1/W2311P457724/W2311P457724%2B07.jpg
W2311P457724,W2311P457724+08.jpg,https://raw.githubusercontent.com/nathanaelcodi3-create/amazon-product-images/main/jp-20260803-daiken50-batch2-v1/W2311P457724/W2311P457724%2B08.jpg
W2311P457724,W2311P457724+09.jpg,https://raw.githubusercontent.com/nathanaelcodi3-create/amazon-product-images/main/jp-20260803-daiken50-batch2-v1/W2311P457724/W2311P457724%2B09.jpg
W2699P296516,W2699P296516+01.jpg,https://raw.githubusercontent.com/nathanaelcodi3-create/amazon-product-images/main/jp-20260803-daiken50-batch2-v1/W2699P296516/W2699P296516%2B01.jpg
W2699P296516,W2699P296516+02.jpg,https://raw.githubusercontent.com/nathanaelcodi3-create/amazon-product-images/main/jp-20260803-daiken50-batch2-v1/W2699P296516/W2699P296516%2B02.jpg
W2699P296516,W2699P296516+03.jpg,https://raw.githubusercontent.com/nathanaelcodi3-create/amazon-product-images/main/jp-20260803-daiken50-batch2-v1/W2699P296516/W2699P296516%2B03.jpg
W2699P296516,W2699P296516+04.jpg,https://raw.githubusercontent.com/nathanaelcodi3-create/amazon-product-images/main/jp-20260803-daiken50-batch2-v1/W2699P296516/W2699P296516%2B04.jpg
W2699P296516,W2699P296516+05.jpg,https://raw.githubusercontent.com/nathanaelcodi3-create/amazon-product-images/main/jp-20260803-daiken50-batch2-v1/W2699P296516/W2699P296516%2B05.jpg
W2699P296516,W2699P296516+06.jpg,https://raw.githubusercontent.com/nathanaelcodi3-create/amazon-product-images/main/jp-20260803-daiken50-batch2-v1/W2699P296516/W2699P296516%2B06.jpg
W2699P296516,W2699P296516+07.jpg,https://raw.githubusercontent.com/nathanaelcodi3-create/amazon-product-images/main/jp-20260803-daiken50-batch2-v1/W2699P296516/W2699P296516%2B07.jpg
W2699P296516,W2699P296516+08.jpg,https://raw.githubusercontent.com/nathanaelcodi3-create/amazon-product-images/main/jp-20260803-daiken50-batch2-v1/W2699P296516/W2699P296516%2B08.jpg
W2699P296516,W2699P296516+09.jpg,https://raw.githubusercontent.com/nathanaelcodi3-create/amazon-product-images/main/jp-20260803-daiken50-batch2-v1/W2699P296516/W2699P296516%2B09.jpg
W2699P345800,W2699P345800+01.jpg,https://raw.githubusercontent.com/nathanaelcodi3-create/amazon-product-images/main/jp-20260803-daiken50-batch2-v1/W2699P345800/W2699P345800%2B01.jpg
W2699P345800,W2699P345800+02.jpg,https://raw.githubusercontent.com/nathanaelcodi3-create/amazon-product-images/main/jp-20260803-daiken50-batch2-v1/W2699P345800/W2699P345800%2B02.jpg
W2699P345800,W2699P345800+03.jpg,https://raw.githubusercontent.com/nathanaelcodi3-create/amazon-product-images/main/jp-20260803-daiken50-batch2-v1/W2699P345800/W2699P345800%2B03.jpg
W2699P345800,W2699P345800+04.jpg,https://raw.githubusercontent.com/nathanaelcodi3-create/amazon-product-images/main/jp-20260803-daiken50-batch2-v1/W2699P345800/W2699P345800%2B04.jpg
W2699P345800,W2699P345800+05.jpg,https://raw.githubusercontent.com/nathanaelcodi3-create/amazon-product-images/main/jp-20260803-daiken50-batch2-v1/W2699P345800/W2699P345800%2B05.jpg
W2699P345800,W2699P345800+06.jpg,https://raw.githubusercontent.com/nathanaelcodi3-create/amazon-product-images/main/jp-20260803-daiken50-batch2-v1/W2699P345800/W2699P345800%2B06.jpg
W2699P345800,W2699P345800+07.jpg,https://raw.githubusercontent.com/nathanaelcodi3-create/amazon-product-images/main/jp-20260803-daiken50-batch2-v1/W2699P345800/W2699P345800%2B07.jpg
W2699P345800,W2699P345800+08.jpg,https://raw.githubusercontent.com/nathanaelcodi3-create/amazon-product-images/main/jp-20260803-daiken50-batch2-v1/W2699P345800/W2699P345800%2B08.jpg
W2699P345800,W2699P345800+09.jpg,https://raw.githubusercontent.com/nathanaelcodi3-create/amazon-product-images/main/jp-20260803-daiken50-batch2-v1/W2699P345800/W2699P345800%2B09.jpg
W2699P345801,W2699P345801+01.jpg,https://raw.githubusercontent.com/nathanaelcodi3-create/amazon-product-images/main/jp-20260803-daiken50-batch2-v1/W2699P345801/W2699P345801%2B01.jpg
W2699P345801,W2699P345801+02.jpg,https://raw.githubusercontent.com/nathanaelcodi3-create/amazon-product-images/main/jp-20260803-daiken50-batch2-v1/W2699P345801/W2699P345801%2B02.jpg
W2699P345801,W2699P345801+03.jpg,https://raw.githubusercontent.com/nathanaelcodi3-create/amazon-product-images/main/jp-20260803-daiken50-batch2-v1/W2699P345801/W2699P345801%2B03.jpg
W2699P345801,W2699P345801+04.jpg,https://raw.githubusercontent.com/nathanaelcodi3-create/amazon-product-images/main/jp-20260803-daiken50-batch2-v1/W2699P345801/W2699P345801%2B04.jpg
W2699P345801,W2699P345801+05.jpg,https://raw.githubusercontent.com/nathanaelcodi3-create/amazon-product-images/main/jp-20260803-daiken50-batch2-v1/W2699P345801/W2699P345801%2B05.jpg
W2699P345801,W2699P345801+06.jpg,https://raw.githubusercontent.com/nathanaelcodi3-create/amazon-product-images/main/jp-20260803-daiken50-batch2-v1/W2699P345801/W2699P345801%2B06.jpg
W2699P345801,W2699P345801+07.jpg,https://raw.githubusercontent.com/nathanaelcodi3-create/amazon-product-images/main/jp-20260803-daiken50-batch2-v1/W2699P345801/W2699P345801%2B07.jpg
W2699P345801,W2699P345801+08.jpg,https://raw.githubusercontent.com/nathanaelcodi3-create/amazon-product-images/main/jp-20260803-daiken50-batch2-v1/W2699P345801/W2699P345801%2B08.jpg
W2699P345801,W2699P345801+09.jpg,https://raw.githubusercontent.com/nathanaelcodi3-create/amazon-product-images/main/jp-20260803-daiken50-batch2-v1/W2699P345801/W2699P345801%2B09.jpg
W2699P345802,W2699P345802+01.jpg,https://raw.githubusercontent.com/nathanaelcodi3-create/amazon-product-images/main/jp-20260803-daiken50-batch2-v1/W2699P345802/W2699P345802%2B01.jpg
W2699P345802,W2699P345802+02.jpg,https://raw.githubusercontent.com/nathanaelcodi3-create/amazon-product-images/main/jp-20260803-daiken50-batch2-v1/W2699P345802/W2699P345802%2B02.jpg
W2699P345802,W2699P345802+03.jpg,https://raw.githubusercontent.com/nathanaelcodi3-create/amazon-product-images/main/jp-20260803-daiken50-batch2-v1/W2699P345802/W2699P345802%2B03.jpg
W2699P345802,W2699P345802+04.jpg,https://raw.githubusercontent.com/nathanaelcodi3-create/amazon-product-images/main/jp-20260803-daiken50-batch2-v1/W2699P345802/W2699P345802%2B04.jpg
W2699P345802,W2699P345802+05.jpg,https://raw.githubusercontent.com/nathanaelcodi3-create/amazon-product-images/main/jp-20260803-daiken50-batch2-v1/W2699P345802/W2699P345802%2B05.jpg
W2699P345802,W2699P345802+06.jpg,https://raw.githubusercontent.com/nathanaelcodi3-create/amazon-product-images/main/jp-20260803-daiken50-batch2-v1/W2699P345802/W2699P345802%2B06.jpg
W2699P345802,W2699P345802+07.jpg,https://raw.githubusercontent.com/nathanaelcodi3-create/amazon-product-images/main/jp-20260803-daiken50-batch2-v1/W2699P345802/W2699P345802%2B07.jpg
W2699P345802,W2699P345802+08.jpg,https://raw.githubusercontent.com/nathanaelcodi3-create/amazon-product-images/main/jp-20260803-daiken50-batch2-v1/W2699P345802/W2699P345802%2B08.jpg
W2699P345802,W2699P345802+09.jpg,https://raw.githubusercontent.com/nathanaelcodi3-create/amazon-product-images/main/jp-20260803-daiken50-batch2-v1/W2699P345802/W2699P345802%2B09.jpg
W2700P297923,W2700P297923+01.jpg,https://raw.githubusercontent.com/nathanaelcodi3-create/amazon-product-images/main/jp-20260803-daiken50-batch2-v1/W2700P297923/W2700P297923%2B01.jpg
W2700P297923,W2700P297923+02.jpg,https://raw.githubusercontent.com/nathanaelcodi3-create/amazon-product-images/main/jp-20260803-daiken50-batch2-v1/W2700P297923/W2700P297923%2B02.jpg
W2700P297923,W2700P297923+03.jpg,https://raw.githubusercontent.com/nathanaelcodi3-create/amazon-product-images/main/jp-20260803-daiken50-batch2-v1/W2700P297923/W2700P297923%2B03.jpg
W2700P297923,W2700P297923+04.jpg,https://raw.githubusercontent.com/nathanaelcodi3-create/amazon-product-images/main/jp-20260803-daiken50-batch2-v1/W2700P297923/W2700P297923%2B04.jpg
W2700P297923,W2700P297923+05.jpg,https://raw.githubusercontent.com/nathanaelcodi3-create/amazon-product-images/main/jp-20260803-daiken50-batch2-v1/W2700P297923/W2700P297923%2B05.jpg
W2700P297923,W2700P297923+06.jpg,https://raw.githubusercontent.com/nathanaelcodi3-create/amazon-product-images/main/jp-20260803-daiken50-batch2-v1/W2700P297923/W2700P297923%2B06.jpg
W2700P297923,W2700P297923+07.jpg,https://raw.githubusercontent.com/nathanaelcodi3-create/amazon-product-images/main/jp-20260803-daiken50-batch2-v1/W2700P297923/W2700P297923%2B07.jpg
W2700P297923,W2700P297923+08.jpg,https://raw.githubusercontent.com/nathanaelcodi3-create/amazon-product-images/main/jp-20260803-daiken50-batch2-v1/W2700P297923/W2700P297923%2B08.jpg
W2700P297923,W2700P297923+09.jpg,https://raw.githubusercontent.com/nathanaelcodi3-create/amazon-product-images/main/jp-20260803-daiken50-batch2-v1/W2700P297923/W2700P297923%2B09.jpg
W2700P369515,W2700P369515+01.jpg,https://raw.githubusercontent.com/nathanaelcodi3-create/amazon-product-images/main/jp-20260803-daiken50-batch2-v1/W2700P369515/W2700P369515%2B01.jpg
W2700P369515,W2700P369515+02.jpg,https://raw.githubusercontent.com/nathanaelcodi3-create/amazon-product-images/main/jp-20260803-daiken50-batch2-v1/W2700P369515/W2700P369515%2B02.jpg
W2700P369515,W2700P369515+03.jpg,https://raw.githubusercontent.com/nathanaelcodi3-create/amazon-product-images/main/jp-20260803-daiken50-batch2-v1/W2700P369515/W2700P369515%2B03.jpg
W2700P369515,W2700P369515+04.jpg,https://raw.githubusercontent.com/nathanaelcodi3-create/amazon-product-images/main/jp-20260803-daiken50-batch2-v1/W2700P369515/W2700P369515%2B04.jpg
W2700P369515,W2700P369515+05.jpg,https://raw.githubusercontent.com/nathanaelcodi3-create/amazon-product-images/main/jp-20260803-daiken50-batch2-v1/W2700P369515/W2700P369515%2B05.jpg
W2700P369515,W2700P369515+06.jpg,https://raw.githubusercontent.com/nathanaelcodi3-create/amazon-product-images/main/jp-20260803-daiken50-batch2-v1/W2700P369515/W2700P369515%2B06.jpg
W2700P369515,W2700P369515+07.jpg,https://raw.githubusercontent.com/nathanaelcodi3-create/amazon-product-images/main/jp-20260803-daiken50-batch2-v1/W2700P369515/W2700P369515%2B07.jpg
W2700P369515,W2700P369515+08.jpg,https://raw.githubusercontent.com/nathanaelcodi3-create/amazon-product-images/main/jp-20260803-daiken50-batch2-v1/W2700P369515/W2700P369515%2B08.jpg
W2700P369515,W2700P369515+09.jpg,https://raw.githubusercontent.com/nathanaelcodi3-create/amazon-product-images/main/jp-20260803-daiken50-batch2-v1/W2700P369515/W2700P369515%2B09.jpg
W2824P515750,W2824P515750+01.jpg,https://raw.githubusercontent.com/nathanaelcodi3-create/amazon-product-images/main/jp-20260803-daiken50-batch2-v1/W2824P515750/W2824P515750%2B01.jpg
W2824P515750,W2824P515750+02.jpg,https://raw.githubusercontent.com/nathanaelcodi3-create/amazon-product-images/main/jp-20260803-daiken50-batch2-v1/W2824P515750/W2824P515750%2B02.jpg
W2824P515750,W2824P515750+03.jpg,https://raw.githubusercontent.com/nathanaelcodi3-create/amazon-product-images/main/jp-20260803-daiken50-batch2-v1/W2824P515750/W2824P515750%2B03.jpg
W2824P515750,W2824P515750+04.jpg,https://raw.githubusercontent.com/nathanaelcodi3-create/amazon-product-images/main/jp-20260803-daiken50-batch2-v1/W2824P515750/W2824P515750%2B04.jpg
W2824P515750,W2824P515750+05.jpg,https://raw.githubusercontent.com/nathanaelcodi3-create/amazon-product-images/main/jp-20260803-daiken50-batch2-v1/W2824P515750/W2824P515750%2B05.jpg
W2824P515750,W2824P515750+06.jpg,https://raw.githubusercontent.com/nathanaelcodi3-create/amazon-product-images/main/jp-20260803-daiken50-batch2-v1/W2824P515750/W2824P515750%2B06.jpg
W2824P515750,W2824P515750+07.jpg,https://raw.githubusercontent.com/nathanaelcodi3-create/amazon-product-images/main/jp-20260803-daiken50-batch2-v1/W2824P515750/W2824P515750%2B07.jpg
W2824P515750,W2824P515750+08.jpg,https://raw.githubusercontent.com/nathanaelcodi3-create/amazon-product-images/main/jp-20260803-daiken50-batch2-v1/W2824P515750/W2824P515750%2B08.jpg
W2824P515750,W2824P515750+09.jpg,https://raw.githubusercontent.com/nathanaelcodi3-create/amazon-product-images/main/jp-20260803-daiken50-batch2-v1/W2824P515750/W2824P515750%2B09.jpg
W2824P515754,W2824P515754+01.jpg,https://raw.githubusercontent.com/nathanaelcodi3-create/amazon-product-images/main/jp-20260803-daiken50-batch2-v1/W2824P515754/W2824P515754%2B01.jpg
W2824P515754,W2824P515754+02.jpg,https://raw.githubusercontent.com/nathanaelcodi3-create/amazon-product-images/main/jp-20260803-daiken50-batch2-v1/W2824P515754/W2824P515754%2B02.jpg
W2824P515754,W2824P515754+03.jpg,https://raw.githubusercontent.com/nathanaelcodi3-create/amazon-product-images/main/jp-20260803-daiken50-batch2-v1/W2824P515754/W2824P515754%2B03.jpg
W2824P515754,W2824P515754+04.jpg,https://raw.githubusercontent.com/nathanaelcodi3-create/amazon-product-images/main/jp-20260803-daiken50-batch2-v1/W2824P515754/W2824P515754%2B04.jpg
W2824P515754,W2824P515754+05.jpg,https://raw.githubusercontent.com/nathanaelcodi3-create/amazon-product-images/main/jp-20260803-daiken50-batch2-v1/W2824P515754/W2824P515754%2B05.jpg
W2824P515754,W2824P515754+06.jpg,https://raw.githubusercontent.com/nathanaelcodi3-create/amazon-product-images/main/jp-20260803-daiken50-batch2-v1/W2824P515754/W2824P515754%2B06.jpg
W2824P515754,W2824P515754+07.jpg,https://raw.githubusercontent.com/nathanaelcodi3-create/amazon-product-images/main/jp-20260803-daiken50-batch2-v1/W2824P515754/W2824P515754%2B07.jpg
W2824P515754,W2824P515754+08.jpg,https://raw.githubusercontent.com/nathanaelcodi3-create/amazon-product-images/main/jp-20260803-daiken50-batch2-v1/W2824P515754/W2824P515754%2B08.jpg
W2824P515754,W2824P515754+09.jpg,https://raw.githubusercontent.com/nathanaelcodi3-create/amazon-product-images/main/jp-20260803-daiken50-batch2-v1/W2824P515754/W2824P515754%2B09.jpg
W2824S00348,W2824S00348+01.jpg,https://raw.githubusercontent.com/nathanaelcodi3-create/amazon-product-images/main/jp-20260803-daiken50-batch2-v1/W2824S00348/W2824S00348%2B01.jpg
W2824S00348,W2824S00348+02.jpg,https://raw.githubusercontent.com/nathanaelcodi3-create/amazon-product-images/main/jp-20260803-daiken50-batch2-v1/W2824S00348/W2824S00348%2B02.jpg
W2824S00348,W2824S00348+03.jpg,https://raw.githubusercontent.com/nathanaelcodi3-create/amazon-product-images/main/jp-20260803-daiken50-batch2-v1/W2824S00348/W2824S00348%2B03.jpg
W2824S00348,W2824S00348+04.jpg,https://raw.githubusercontent.com/nathanaelcodi3-create/amazon-product-images/main/jp-20260803-daiken50-batch2-v1/W2824S00348/W2824S00348%2B04.jpg
W2824S00348,W2824S00348+05.jpg,https://raw.githubusercontent.com/nathanaelcodi3-create/amazon-product-images/main/jp-20260803-daiken50-batch2-v1/W2824S00348/W2824S00348%2B05.jpg
W2824S00348,W2824S00348+06.jpg,https://raw.githubusercontent.com/nathanaelcodi3-create/amazon-product-images/main/jp-20260803-daiken50-batch2-v1/W2824S00348/W2824S00348%2B06.jpg
W2824S00348,W2824S00348+07.jpg,https://raw.githubusercontent.com/nathanaelcodi3-create/amazon-product-images/main/jp-20260803-daiken50-batch2-v1/W2824S00348/W2824S00348%2B07.jpg
W2824S00348,W2824S00348+08.jpg,https://raw.githubusercontent.com/nathanaelcodi3-create/amazon-product-images/main/jp-20260803-daiken50-batch2-v1/W2824S00348/W2824S00348%2B08.jpg
W2824S00348,W2824S00348+09.jpg,https://raw.githubusercontent.com/nathanaelcodi3-create/amazon-product-images/main/jp-20260803-daiken50-batch2-v1/W2824S00348/W2824S00348%2B09.jpg
W3244S00003,W3244S00003+01.jpg,https://raw.githubusercontent.com/nathanaelcodi3-create/amazon-product-images/main/jp-20260803-daiken50-batch2-v1/W3244S00003/W3244S00003%2B01.jpg
W3244S00003,W3244S00003+02.jpg,https://raw.githubusercontent.com/nathanaelcodi3-create/amazon-product-images/main/jp-20260803-daiken50-batch2-v1/W3244S00003/W3244S00003%2B02.jpg
W3244S00003,W3244S00003+03.jpg,https://raw.githubusercontent.com/nathanaelcodi3-create/amazon-product-images/main/jp-20260803-daiken50-batch2-v1/W3244S00003/W3244S00003%2B03.jpg
W3244S00003,W3244S00003+04.jpg,https://raw.githubusercontent.com/nathanaelcodi3-create/amazon-product-images/main/jp-20260803-daiken50-batch2-v1/W3244S00003/W3244S00003%2B04.jpg
W3244S00003,W3244S00003+05.jpg,https://raw.githubusercontent.com/nathanaelcodi3-create/amazon-product-images/main/jp-20260803-daiken50-batch2-v1/W3244S00003/W3244S00003%2B05.jpg
W3244S00003,W3244S00003+06.jpg,https://raw.githubusercontent.com/nathanaelcodi3-create/amazon-product-images/main/jp-20260803-daiken50-batch2-v1/W3244S00003/W3244S00003%2B06.jpg
W3244S00003,W3244S00003+07.jpg,https://raw.githubusercontent.com/nathanaelcodi3-create/amazon-product-images/main/jp-20260803-daiken50-batch2-v1/W3244S00003/W3244S00003%2B07.jpg
W3244S00003,W3244S00003+08.jpg,https://raw.githubusercontent.com/nathanaelcodi3-create/amazon-product-images/main/jp-20260803-daiken50-batch2-v1/W3244S00003/W3244S00003%2B08.jpg
W3244S00003,W3244S00003+09.jpg,https://raw.githubusercontent.com/nathanaelcodi3-create/amazon-product-images/main/jp-20260803-daiken50-batch2-v1/W3244S00003/W3244S00003%2B09.jpg
W3244S00012,W3244S00012+01.jpg,https://raw.githubusercontent.com/nathanaelcodi3-create/amazon-product-images/main/jp-20260803-daiken50-batch2-v1/W3244S00012/W3244S00012%2B01.jpg
W3244S00012,W3244S00012+02.jpg,https://raw.githubusercontent.com/nathanaelcodi3-create/amazon-product-images/main/jp-20260803-daiken50-batch2-v1/W3244S00012/W3244S00012%2B02.jpg
W3244S00012,W3244S00012+03.jpg,https://raw.githubusercontent.com/nathanaelcodi3-create/amazon-product-images/main/jp-20260803-daiken50-batch2-v1/W3244S00012/W3244S00012%2B03.jpg
W3244S00012,W3244S00012+04.jpg,https://raw.githubusercontent.com/nathanaelcodi3-create/amazon-product-images/main/jp-20260803-daiken50-batch2-v1/W3244S00012/W3244S00012%2B04.jpg
W3244S00012,W3244S00012+05.jpg,https://raw.githubusercontent.com/nathanaelcodi3-create/amazon-product-images/main/jp-20260803-daiken50-batch2-v1/W3244S00012/W3244S00012%2B05.jpg
W3244S00012,W3244S00012+06.jpg,https://raw.githubusercontent.com/nathanaelcodi3-create/amazon-product-images/main/jp-20260803-daiken50-batch2-v1/W3244S00012/W3244S00012%2B06.jpg
W3244S00012,W3244S00012+07.jpg,https://raw.githubusercontent.com/nathanaelcodi3-create/amazon-product-images/main/jp-20260803-daiken50-batch2-v1/W3244S00012/W3244S00012%2B07.jpg
W3244S00012,W3244S00012+08.jpg,https://raw.githubusercontent.com/nathanaelcodi3-create/amazon-product-images/main/jp-20260803-daiken50-batch2-v1/W3244S00012/W3244S00012%2B08.jpg
W3244S00012,W3244S00012+09.jpg,https://raw.githubusercontent.com/nathanaelcodi3-create/amazon-product-images/main/jp-20260803-daiken50-batch2-v1/W3244S00012/W3244S00012%2B09.jpg
W3258P448840,W3258P448840+01.jpg,https://raw.githubusercontent.com/nathanaelcodi3-create/amazon-product-images/main/jp-20260803-daiken50-batch2-v1/W3258P448840/W3258P448840%2B01.jpg
W3258P448840,W3258P448840+02.jpg,https://raw.githubusercontent.com/nathanaelcodi3-create/amazon-product-images/main/jp-20260803-daiken50-batch2-v1/W3258P448840/W3258P448840%2B02.jpg
W3258P448840,W3258P448840+03.jpg,https://raw.githubusercontent.com/nathanaelcodi3-create/amazon-product-images/main/jp-20260803-daiken50-batch2-v1/W3258P448840/W3258P448840%2B03.jpg
W3258P448840,W3258P448840+04.jpg,https://raw.githubusercontent.com/nathanaelcodi3-create/amazon-product-images/main/jp-20260803-daiken50-batch2-v1/W3258P448840/W3258P448840%2B04.jpg
W3258P448840,W3258P448840+05.jpg,https://raw.githubusercontent.com/nathanaelcodi3-create/amazon-product-images/main/jp-20260803-daiken50-batch2-v1/W3258P448840/W3258P448840%2B05.jpg
W3258P448840,W3258P448840+06.jpg,https://raw.githubusercontent.com/nathanaelcodi3-create/amazon-product-images/main/jp-20260803-daiken50-batch2-v1/W3258P448840/W3258P448840%2B06.jpg
W3258P448840,W3258P448840+07.jpg,https://raw.githubusercontent.com/nathanaelcodi3-create/amazon-product-images/main/jp-20260803-daiken50-batch2-v1/W3258P448840/W3258P448840%2B07.jpg
W3258P448840,W3258P448840+08.jpg,https://raw.githubusercontent.com/nathanaelcodi3-create/amazon-product-images/main/jp-20260803-daiken50-batch2-v1/W3258P448840/W3258P448840%2B08.jpg
W3258P448840,W3258P448840+09.jpg,https://raw.githubusercontent.com/nathanaelcodi3-create/amazon-product-images/main/jp-20260803-daiken50-batch2-v1/W3258P448840/W3258P448840%2B09.jpg
W3875P430957,W3875P430957+01.jpg,https://raw.githubusercontent.com/nathanaelcodi3-create/amazon-product-images/main/jp-20260803-daiken50-batch2-v1/W3875P430957/W3875P430957%2B01.jpg
W3875P430957,W3875P430957+02.jpg,https://raw.githubusercontent.com/nathanaelcodi3-create/amazon-product-images/main/jp-20260803-daiken50-batch2-v1/W3875P430957/W3875P430957%2B02.jpg
W3875P430957,W3875P430957+03.jpg,https://raw.githubusercontent.com/nathanaelcodi3-create/amazon-product-images/main/jp-20260803-daiken50-batch2-v1/W3875P430957/W3875P430957%2B03.jpg
W3875P430957,W3875P430957+04.jpg,https://raw.githubusercontent.com/nathanaelcodi3-create/amazon-product-images/main/jp-20260803-daiken50-batch2-v1/W3875P430957/W3875P430957%2B04.jpg
W3875P430957,W3875P430957+05.jpg,https://raw.githubusercontent.com/nathanaelcodi3-create/amazon-product-images/main/jp-20260803-daiken50-batch2-v1/W3875P430957/W3875P430957%2B05.jpg
W3875P430957,W3875P430957+06.jpg,https://raw.githubusercontent.com/nathanaelcodi3-create/amazon-product-images/main/jp-20260803-daiken50-batch2-v1/W3875P430957/W3875P430957%2B06.jpg
W3875P430957,W3875P430957+07.jpg,https://raw.githubusercontent.com/nathanaelcodi3-create/amazon-product-images/main/jp-20260803-daiken50-batch2-v1/W3875P430957/W3875P430957%2B07.jpg
W3875P430957,W3875P430957+08.jpg,https://raw.githubusercontent.com/nathanaelcodi3-create/amazon-product-images/main/jp-20260803-daiken50-batch2-v1/W3875P430957/W3875P430957%2B08.jpg
W3875P430957,W3875P430957+09.jpg,https://raw.githubusercontent.com/nathanaelcodi3-create/amazon-product-images/main/jp-20260803-daiken50-batch2-v1/W3875P430957/W3875P430957%2B09.jpg
W3975S00049,W3975S00049+01.jpg,https://raw.githubusercontent.com/nathanaelcodi3-create/amazon-product-images/main/jp-20260803-daiken50-batch2-v1/W3975S00049/W3975S00049%2B01.jpg
W3975S00049,W3975S00049+02.jpg,https://raw.githubusercontent.com/nathanaelcodi3-create/amazon-product-images/main/jp-20260803-daiken50-batch2-v1/W3975S00049/W3975S00049%2B02.jpg
W3975S00049,W3975S00049+03.jpg,https://raw.githubusercontent.com/nathanaelcodi3-create/amazon-product-images/main/jp-20260803-daiken50-batch2-v1/W3975S00049/W3975S00049%2B03.jpg
W3975S00049,W3975S00049+04.jpg,https://raw.githubusercontent.com/nathanaelcodi3-create/amazon-product-images/main/jp-20260803-daiken50-batch2-v1/W3975S00049/W3975S00049%2B04.jpg
W3975S00049,W3975S00049+05.jpg,https://raw.githubusercontent.com/nathanaelcodi3-create/amazon-product-images/main/jp-20260803-daiken50-batch2-v1/W3975S00049/W3975S00049%2B05.jpg
W3975S00049,W3975S00049+06.jpg,https://raw.githubusercontent.com/nathanaelcodi3-create/amazon-product-images/main/jp-20260803-daiken50-batch2-v1/W3975S00049/W3975S00049%2B06.jpg
W3975S00049,W3975S00049+07.jpg,https://raw.githubusercontent.com/nathanaelcodi3-create/amazon-product-images/main/jp-20260803-daiken50-batch2-v1/W3975S00049/W3975S00049%2B07.jpg
W3975S00049,W3975S00049+08.jpg,https://raw.githubusercontent.com/nathanaelcodi3-create/amazon-product-images/main/jp-20260803-daiken50-batch2-v1/W3975S00049/W3975S00049%2B08.jpg
W3975S00049,W3975S00049+09.jpg,https://raw.githubusercontent.com/nathanaelcodi3-create/amazon-product-images/main/jp-20260803-daiken50-batch2-v1/W3975S00049/W3975S00049%2B09.jpg
W3975S00072,W3975S00072+01.jpg,https://raw.githubusercontent.com/nathanaelcodi3-create/amazon-product-images/main/jp-20260803-daiken50-batch2-v1/W3975S00072/W3975S00072%2B01.jpg
W3975S00072,W3975S00072+02.jpg,https://raw.githubusercontent.com/nathanaelcodi3-create/amazon-product-images/main/jp-20260803-daiken50-batch2-v1/W3975S00072/W3975S00072%2B02.jpg
W3975S00072,W3975S00072+03.jpg,https://raw.githubusercontent.com/nathanaelcodi3-create/amazon-product-images/main/jp-20260803-daiken50-batch2-v1/W3975S00072/W3975S00072%2B03.jpg
W3975S00072,W3975S00072+04.jpg,https://raw.githubusercontent.com/nathanaelcodi3-create/amazon-product-images/main/jp-20260803-daiken50-batch2-v1/W3975S00072/W3975S00072%2B04.jpg
W3975S00072,W3975S00072+05.jpg,https://raw.githubusercontent.com/nathanaelcodi3-create/amazon-product-images/main/jp-20260803-daiken50-batch2-v1/W3975S00072/W3975S00072%2B05.jpg
W3975S00072,W3975S00072+06.jpg,https://raw.githubusercontent.com/nathanaelcodi3-create/amazon-product-images/main/jp-20260803-daiken50-batch2-v1/W3975S00072/W3975S00072%2B06.jpg
W3975S00072,W3975S00072+07.jpg,https://raw.githubusercontent.com/nathanaelcodi3-create/amazon-product-images/main/jp-20260803-daiken50-batch2-v1/W3975S00072/W3975S00072%2B07.jpg
W3975S00072,W3975S00072+08.jpg,https://raw.githubusercontent.com/nathanaelcodi3-create/amazon-product-images/main/jp-20260803-daiken50-batch2-v1/W3975S00072/W3975S00072%2B08.jpg
W3975S00072,W3975S00072+09.jpg,https://raw.githubusercontent.com/nathanaelcodi3-create/amazon-product-images/main/jp-20260803-daiken50-batch2-v1/W3975S00072/W3975S00072%2B09.jpg
W3975S00073,W3975S00073+01.jpg,https://raw.githubusercontent.com/nathanaelcodi3-create/amazon-product-images/main/jp-20260803-daiken50-batch2-v1/W3975S00073/W3975S00073%2B01.jpg
W3975S00073,W3975S00073+02.jpg,https://raw.githubusercontent.com/nathanaelcodi3-create/amazon-product-images/main/jp-20260803-daiken50-batch2-v1/W3975S00073/W3975S00073%2B02.jpg
W3975S00073,W3975S00073+03.jpg,https://raw.githubusercontent.com/nathanaelcodi3-create/amazon-product-images/main/jp-20260803-daiken50-batch2-v1/W3975S00073/W3975S00073%2B03.jpg
W3975S00073,W3975S00073+04.jpg,https://raw.githubusercontent.com/nathanaelcodi3-create/amazon-product-images/main/jp-20260803-daiken50-batch2-v1/W3975S00073/W3975S00073%2B04.jpg
W3975S00073,W3975S00073+05.jpg,https://raw.githubusercontent.com/nathanaelcodi3-create/amazon-product-images/main/jp-20260803-daiken50-batch2-v1/W3975S00073/W3975S00073%2B05.jpg
W3975S00073,W3975S00073+06.jpg,https://raw.githubusercontent.com/nathanaelcodi3-create/amazon-product-images/main/jp-20260803-daiken50-batch2-v1/W3975S00073/W3975S00073%2B06.jpg
W3975S00073,W3975S00073+07.jpg,https://raw.githubusercontent.com/nathanaelcodi3-create/amazon-product-images/main/jp-20260803-daiken50-batch2-v1/W3975S00073/W3975S00073%2B07.jpg
W3975S00073,W3975S00073+08.jpg,https://raw.githubusercontent.com/nathanaelcodi3-create/amazon-product-images/main/jp-20260803-daiken50-batch2-v1/W3975S00073/W3975S00073%2B08.jpg
W3975S00073,W3975S00073+09.jpg,https://raw.githubusercontent.com/nathanaelcodi3-create/amazon-product-images/main/jp-20260803-daiken50-batch2-v1/W3975S00073/W3975S00073%2B09.jpg
W3975S00105,W3975S00105+01.jpg,https://raw.githubusercontent.com/nathanaelcodi3-create/amazon-product-images/main/jp-20260803-daiken50-batch2-v1/W3975S00105/W3975S00105%2B01.jpg
W3975S00105,W3975S00105+02.jpg,https://raw.githubusercontent.com/nathanaelcodi3-create/amazon-product-images/main/jp-20260803-daiken50-batch2-v1/W3975S00105/W3975S00105%2B02.jpg
W3975S00105,W3975S00105+03.jpg,https://raw.githubusercontent.com/nathanaelcodi3-create/amazon-product-images/main/jp-20260803-daiken50-batch2-v1/W3975S00105/W3975S00105%2B03.jpg
W3975S00105,W3975S00105+04.jpg,https://raw.githubusercontent.com/nathanaelcodi3-create/amazon-product-images/main/jp-20260803-daiken50-batch2-v1/W3975S00105/W3975S00105%2B04.jpg
W3975S00105,W3975S00105+05.jpg,https://raw.githubusercontent.com/nathanaelcodi3-create/amazon-product-images/main/jp-20260803-daiken50-batch2-v1/W3975S00105/W3975S00105%2B05.jpg
W3975S00105,W3975S00105+06.jpg,https://raw.githubusercontent.com/nathanaelcodi3-create/amazon-product-images/main/jp-20260803-daiken50-batch2-v1/W3975S00105/W3975S00105%2B06.jpg
W3975S00105,W3975S00105+07.jpg,https://raw.githubusercontent.com/nathanaelcodi3-create/amazon-product-images/main/jp-20260803-daiken50-batch2-v1/W3975S00105/W3975S00105%2B07.jpg
W3975S00105,W3975S00105+08.jpg,https://raw.githubusercontent.com/nathanaelcodi3-create/amazon-product-images/main/jp-20260803-daiken50-batch2-v1/W3975S00105/W3975S00105%2B08.jpg
W3975S00105,W3975S00105+09.jpg,https://raw.githubusercontent.com/nathanaelcodi3-create/amazon-product-images/main/jp-20260803-daiken50-batch2-v1/W3975S00105/W3975S00105%2B09.jpg
W3975S00107,W3975S00107+01.jpg,https://raw.githubusercontent.com/nathanaelcodi3-create/amazon-product-images/main/jp-20260803-daiken50-batch2-v1/W3975S00107/W3975S00107%2B01.jpg
W3975S00107,W3975S00107+02.jpg,https://raw.githubusercontent.com/nathanaelcodi3-create/amazon-product-images/main/jp-20260803-daiken50-batch2-v1/W3975S00107/W3975S00107%2B02.jpg
W3975S00107,W3975S00107+03.jpg,https://raw.githubusercontent.com/nathanaelcodi3-create/amazon-product-images/main/jp-20260803-daiken50-batch2-v1/W3975S00107/W3975S00107%2B03.jpg
W3975S00107,W3975S00107+04.jpg,https://raw.githubusercontent.com/nathanaelcodi3-create/amazon-product-images/main/jp-20260803-daiken50-batch2-v1/W3975S00107/W3975S00107%2B04.jpg
W3975S00107,W3975S00107+05.jpg,https://raw.githubusercontent.com/nathanaelcodi3-create/amazon-product-images/main/jp-20260803-daiken50-batch2-v1/W3975S00107/W3975S00107%2B05.jpg
W3975S00107,W3975S00107+06.jpg,https://raw.githubusercontent.com/nathanaelcodi3-create/amazon-product-images/main/jp-20260803-daiken50-batch2-v1/W3975S00107/W3975S00107%2B06.jpg
W3975S00107,W3975S00107+07.jpg,https://raw.githubusercontent.com/nathanaelcodi3-create/amazon-product-images/main/jp-20260803-daiken50-batch2-v1/W3975S00107/W3975S00107%2B07.jpg
W3975S00107,W3975S00107+08.jpg,https://raw.githubusercontent.com/nathanaelcodi3-create/amazon-product-images/main/jp-20260803-daiken50-batch2-v1/W3975S00107/W3975S00107%2B08.jpg
W3975S00107,W3975S00107+09.jpg,https://raw.githubusercontent.com/nathanaelcodi3-create/amazon-product-images/main/jp-20260803-daiken50-batch2-v1/W3975S00107/W3975S00107%2B09.jpg
W3975S00124,W3975S00124+01.jpg,https://raw.githubusercontent.com/nathanaelcodi3-create/amazon-product-images/main/jp-20260803-daiken50-batch2-v1/W3975S00124/W3975S00124%2B01.jpg
W3975S00124,W3975S00124+02.jpg,https://raw.githubusercontent.com/nathanaelcodi3-create/amazon-product-images/main/jp-20260803-daiken50-batch2-v1/W3975S00124/W3975S00124%2B02.jpg
W3975S00124,W3975S00124+03.jpg,https://raw.githubusercontent.com/nathanaelcodi3-create/amazon-product-images/main/jp-20260803-daiken50-batch2-v1/W3975S00124/W3975S00124%2B03.jpg
W3975S00124,W3975S00124+04.jpg,https://raw.githubusercontent.com/nathanaelcodi3-create/amazon-product-images/main/jp-20260803-daiken50-batch2-v1/W3975S00124/W3975S00124%2B04.jpg
W3975S00124,W3975S00124+05.jpg,https://raw.githubusercontent.com/nathanaelcodi3-create/amazon-product-images/main/jp-20260803-daiken50-batch2-v1/W3975S00124/W3975S00124%2B05.jpg
W3975S00124,W3975S00124+06.jpg,https://raw.githubusercontent.com/nathanaelcodi3-create/amazon-product-images/main/jp-20260803-daiken50-batch2-v1/W3975S00124/W3975S00124%2B06.jpg
W3975S00124,W3975S00124+07.jpg,https://raw.githubusercontent.com/nathanaelcodi3-create/amazon-product-images/main/jp-20260803-daiken50-batch2-v1/W3975S00124/W3975S00124%2B07.jpg
W3975S00124,W3975S00124+08.jpg,https://raw.githubusercontent.com/nathanaelcodi3-create/amazon-product-images/main/jp-20260803-daiken50-batch2-v1/W3975S00124/W3975S00124%2B08.jpg
W3975S00124,W3975S00124+09.jpg,https://raw.githubusercontent.com/nathanaelcodi3-create/amazon-product-images/main/jp-20260803-daiken50-batch2-v1/W3975S00124/W3975S00124%2B09.jpg
W5515P479893,W5515P479893+01.jpg,https://raw.githubusercontent.com/nathanaelcodi3-create/amazon-product-images/main/jp-20260803-daiken50-batch2-v1/W5515P479893/W5515P479893%2B01.jpg
W5515P479893,W5515P479893+02.jpg,https://raw.githubusercontent.com/nathanaelcodi3-create/amazon-product-images/main/jp-20260803-daiken50-batch2-v1/W5515P479893/W5515P479893%2B02.jpg
W5515P479893,W5515P479893+03.jpg,https://raw.githubusercontent.com/nathanaelcodi3-create/amazon-product-images/main/jp-20260803-daiken50-batch2-v1/W5515P479893/W5515P479893%2B03.jpg
W5515P479893,W5515P479893+04.jpg,https://raw.githubusercontent.com/nathanaelcodi3-create/amazon-product-images/main/jp-20260803-daiken50-batch2-v1/W5515P479893/W5515P479893%2B04.jpg
W5515P479893,W5515P479893+05.jpg,https://raw.githubusercontent.com/nathanaelcodi3-create/amazon-product-images/main/jp-20260803-daiken50-batch2-v1/W5515P479893/W5515P479893%2B05.jpg
W5515P479893,W5515P479893+06.jpg,https://raw.githubusercontent.com/nathanaelcodi3-create/amazon-product-images/main/jp-20260803-daiken50-batch2-v1/W5515P479893/W5515P479893%2B06.jpg
W5515P479893,W5515P479893+07.jpg,https://raw.githubusercontent.com/nathanaelcodi3-create/amazon-product-images/main/jp-20260803-daiken50-batch2-v1/W5515P479893/W5515P479893%2B07.jpg
W5515P479893,W5515P479893+08.jpg,https://raw.githubusercontent.com/nathanaelcodi3-create/amazon-product-images/main/jp-20260803-daiken50-batch2-v1/W5515P479893/W5515P479893%2B08.jpg
W5515P479893,W5515P479893+09.jpg,https://raw.githubusercontent.com/nathanaelcodi3-create/amazon-product-images/main/jp-20260803-daiken50-batch2-v1/W5515P479893/W5515P479893%2B09.jpg
W5568P478796,W5568P478796+01.jpg,https://raw.githubusercontent.com/nathanaelcodi3-create/amazon-product-images/main/jp-20260803-daiken50-batch2-v1/W5568P478796/W5568P478796%2B01.jpg
W5568P478796,W5568P478796+02.jpg,https://raw.githubusercontent.com/nathanaelcodi3-create/amazon-product-images/main/jp-20260803-daiken50-batch2-v1/W5568P478796/W5568P478796%2B02.jpg
W5568P478796,W5568P478796+03.jpg,https://raw.githubusercontent.com/nathanaelcodi3-create/amazon-product-images/main/jp-20260803-daiken50-batch2-v1/W5568P478796/W5568P478796%2B03.jpg
W5568P478796,W5568P478796+04.jpg,https://raw.githubusercontent.com/nathanaelcodi3-create/amazon-product-images/main/jp-20260803-daiken50-batch2-v1/W5568P478796/W5568P478796%2B04.jpg
W5568P478796,W5568P478796+05.jpg,https://raw.githubusercontent.com/nathanaelcodi3-create/amazon-product-images/main/jp-20260803-daiken50-batch2-v1/W5568P478796/W5568P478796%2B05.jpg
W5568P478796,W5568P478796+06.jpg,https://raw.githubusercontent.com/nathanaelcodi3-create/amazon-product-images/main/jp-20260803-daiken50-batch2-v1/W5568P478796/W5568P478796%2B06.jpg
W5568P478796,W5568P478796+07.jpg,https://raw.githubusercontent.com/nathanaelcodi3-create/amazon-product-images/main/jp-20260803-daiken50-batch2-v1/W5568P478796/W5568P478796%2B07.jpg
W5568P478796,W5568P478796+08.jpg,https://raw.githubusercontent.com/nathanaelcodi3-create/amazon-product-images/main/jp-20260803-daiken50-batch2-v1/W5568P478796/W5568P478796%2B08.jpg
W5568P478796,W5568P478796+09.jpg,https://raw.githubusercontent.com/nathanaelcodi3-create/amazon-product-images/main/jp-20260803-daiken50-batch2-v1/W5568P478796/W5568P478796%2B09.jpg
W5568P478799,W5568P478799+01.jpg,https://raw.githubusercontent.com/nathanaelcodi3-create/amazon-product-images/main/jp-20260803-daiken50-batch2-v1/W5568P478799/W5568P478799%2B01.jpg
W5568P478799,W5568P478799+02.jpg,https://raw.githubusercontent.com/nathanaelcodi3-create/amazon-product-images/main/jp-20260803-daiken50-batch2-v1/W5568P478799/W5568P478799%2B02.jpg
W5568P478799,W5568P478799+03.jpg,https://raw.githubusercontent.com/nathanaelcodi3-create/amazon-product-images/main/jp-20260803-daiken50-batch2-v1/W5568P478799/W5568P478799%2B03.jpg
W5568P478799,W5568P478799+04.jpg,https://raw.githubusercontent.com/nathanaelcodi3-create/amazon-product-images/main/jp-20260803-daiken50-batch2-v1/W5568P478799/W5568P478799%2B04.jpg
W5568P478799,W5568P478799+05.jpg,https://raw.githubusercontent.com/nathanaelcodi3-create/amazon-product-images/main/jp-20260803-daiken50-batch2-v1/W5568P478799/W5568P478799%2B05.jpg
W5568P478799,W5568P478799+06.jpg,https://raw.githubusercontent.com/nathanaelcodi3-create/amazon-product-images/main/jp-20260803-daiken50-batch2-v1/W5568P478799/W5568P478799%2B06.jpg
W5568P478799,W5568P478799+07.jpg,https://raw.githubusercontent.com/nathanaelcodi3-create/amazon-product-images/main/jp-20260803-daiken50-batch2-v1/W5568P478799/W5568P478799%2B07.jpg
W5568P478799,W5568P478799+08.jpg,https://raw.githubusercontent.com/nathanaelcodi3-create/amazon-product-images/main/jp-20260803-daiken50-batch2-v1/W5568P478799/W5568P478799%2B08.jpg
W5568P478799,W5568P478799+09.jpg,https://raw.githubusercontent.com/nathanaelcodi3-create/amazon-product-images/main/jp-20260803-daiken50-batch2-v1/W5568P478799/W5568P478799%2B09.jpg
W5568P478801,W5568P478801+01.jpg,https://raw.githubusercontent.com/nathanaelcodi3-create/amazon-product-images/main/jp-20260803-daiken50-batch2-v1/W5568P478801/W5568P478801%2B01.jpg
W5568P478801,W5568P478801+02.jpg,https://raw.githubusercontent.com/nathanaelcodi3-create/amazon-product-images/main/jp-20260803-daiken50-batch2-v1/W5568P478801/W5568P478801%2B02.jpg
W5568P478801,W5568P478801+03.jpg,https://raw.githubusercontent.com/nathanaelcodi3-create/amazon-product-images/main/jp-20260803-daiken50-batch2-v1/W5568P478801/W5568P478801%2B03.jpg
W5568P478801,W5568P478801+04.jpg,https://raw.githubusercontent.com/nathanaelcodi3-create/amazon-product-images/main/jp-20260803-daiken50-batch2-v1/W5568P478801/W5568P478801%2B04.jpg
W5568P478801,W5568P478801+05.jpg,https://raw.githubusercontent.com/nathanaelcodi3-create/amazon-product-images/main/jp-20260803-daiken50-batch2-v1/W5568P478801/W5568P478801%2B05.jpg
W5568P478801,W5568P478801+06.jpg,https://raw.githubusercontent.com/nathanaelcodi3-create/amazon-product-images/main/jp-20260803-daiken50-batch2-v1/W5568P478801/W5568P478801%2B06.jpg
W5568P478801,W5568P478801+07.jpg,https://raw.githubusercontent.com/nathanaelcodi3-create/amazon-product-images/main/jp-20260803-daiken50-batch2-v1/W5568P478801/W5568P478801%2B07.jpg
W5568P478801,W5568P478801+08.jpg,https://raw.githubusercontent.com/nathanaelcodi3-create/amazon-product-images/main/jp-20260803-daiken50-batch2-v1/W5568P478801/W5568P478801%2B08.jpg
W5568P478801,W5568P478801+09.jpg,https://raw.githubusercontent.com/nathanaelcodi3-create/amazon-product-images/main/jp-20260803-daiken50-batch2-v1/W5568P478801/W5568P478801%2B09.jpg
W5568P486922,W5568P486922+01.jpg,https://raw.githubusercontent.com/nathanaelcodi3-create/amazon-product-images/main/jp-20260803-daiken50-batch2-v1/W5568P486922/W5568P486922%2B01.jpg
W5568P486922,W5568P486922+02.jpg,https://raw.githubusercontent.com/nathanaelcodi3-create/amazon-product-images/main/jp-20260803-daiken50-batch2-v1/W5568P486922/W5568P486922%2B02.jpg
W5568P486922,W5568P486922+03.jpg,https://raw.githubusercontent.com/nathanaelcodi3-create/amazon-product-images/main/jp-20260803-daiken50-batch2-v1/W5568P486922/W5568P486922%2B03.jpg
W5568P486922,W5568P486922+04.jpg,https://raw.githubusercontent.com/nathanaelcodi3-create/amazon-product-images/main/jp-20260803-daiken50-batch2-v1/W5568P486922/W5568P486922%2B04.jpg
W5568P486922,W5568P486922+05.jpg,https://raw.githubusercontent.com/nathanaelcodi3-create/amazon-product-images/main/jp-20260803-daiken50-batch2-v1/W5568P486922/W5568P486922%2B05.jpg
W5568P486922,W5568P486922+06.jpg,https://raw.githubusercontent.com/nathanaelcodi3-create/amazon-product-images/main/jp-20260803-daiken50-batch2-v1/W5568P486922/W5568P486922%2B06.jpg
W5568P486922,W5568P486922+07.jpg,https://raw.githubusercontent.com/nathanaelcodi3-create/amazon-product-images/main/jp-20260803-daiken50-batch2-v1/W5568P486922/W5568P486922%2B07.jpg
W5568P486922,W5568P486922+08.jpg,https://raw.githubusercontent.com/nathanaelcodi3-create/amazon-product-images/main/jp-20260803-daiken50-batch2-v1/W5568P486922/W5568P486922%2B08.jpg
W5568P486922,W5568P486922+09.jpg,https://raw.githubusercontent.com/nathanaelcodi3-create/amazon-product-images/main/jp-20260803-daiken50-batch2-v1/W5568P486922/W5568P486922%2B09.jpg
W5872S00002,W5872S00002+01.jpg,https://raw.githubusercontent.com/nathanaelcodi3-create/amazon-product-images/main/jp-20260803-daiken50-batch2-v1/W5872S00002/W5872S00002%2B01.jpg
W5872S00002,W5872S00002+02.jpg,https://raw.githubusercontent.com/nathanaelcodi3-create/amazon-product-images/main/jp-20260803-daiken50-batch2-v1/W5872S00002/W5872S00002%2B02.jpg
W5872S00002,W5872S00002+03.jpg,https://raw.githubusercontent.com/nathanaelcodi3-create/amazon-product-images/main/jp-20260803-daiken50-batch2-v1/W5872S00002/W5872S00002%2B03.jpg
W5872S00002,W5872S00002+04.jpg,https://raw.githubusercontent.com/nathanaelcodi3-create/amazon-product-images/main/jp-20260803-daiken50-batch2-v1/W5872S00002/W5872S00002%2B04.jpg
W5872S00002,W5872S00002+05.jpg,https://raw.githubusercontent.com/nathanaelcodi3-create/amazon-product-images/main/jp-20260803-daiken50-batch2-v1/W5872S00002/W5872S00002%2B05.jpg
W5872S00002,W5872S00002+06.jpg,https://raw.githubusercontent.com/nathanaelcodi3-create/amazon-product-images/main/jp-20260803-daiken50-batch2-v1/W5872S00002/W5872S00002%2B06.jpg
W5872S00002,W5872S00002+07.jpg,https://raw.githubusercontent.com/nathanaelcodi3-create/amazon-product-images/main/jp-20260803-daiken50-batch2-v1/W5872S00002/W5872S00002%2B07.jpg
W5872S00002,W5872S00002+08.jpg,https://raw.githubusercontent.com/nathanaelcodi3-create/amazon-product-images/main/jp-20260803-daiken50-batch2-v1/W5872S00002/W5872S00002%2B08.jpg
W5872S00002,W5872S00002+09.jpg,https://raw.githubusercontent.com/nathanaelcodi3-create/amazon-product-images/main/jp-20260803-daiken50-batch2-v1/W5872S00002/W5872S00002%2B09.jpg
W5872S00003,W5872S00003+01.jpg,https://raw.githubusercontent.com/nathanaelcodi3-create/amazon-product-images/main/jp-20260803-daiken50-batch2-v1/W5872S00003/W5872S00003%2B01.jpg
W5872S00003,W5872S00003+02.jpg,https://raw.githubusercontent.com/nathanaelcodi3-create/amazon-product-images/main/jp-20260803-daiken50-batch2-v1/W5872S00003/W5872S00003%2B02.jpg
W5872S00003,W5872S00003+03.jpg,https://raw.githubusercontent.com/nathanaelcodi3-create/amazon-product-images/main/jp-20260803-daiken50-batch2-v1/W5872S00003/W5872S00003%2B03.jpg
W5872S00003,W5872S00003+04.jpg,https://raw.githubusercontent.com/nathanaelcodi3-create/amazon-product-images/main/jp-20260803-daiken50-batch2-v1/W5872S00003/W5872S00003%2B04.jpg
W5872S00003,W5872S00003+05.jpg,https://raw.githubusercontent.com/nathanaelcodi3-create/amazon-product-images/main/jp-20260803-daiken50-batch2-v1/W5872S00003/W5872S00003%2B05.jpg
W5872S00003,W5872S00003+06.jpg,https://raw.githubusercontent.com/nathanaelcodi3-create/amazon-product-images/main/jp-20260803-daiken50-batch2-v1/W5872S00003/W5872S00003%2B06.jpg
W5872S00003,W5872S00003+07.jpg,https://raw.githubusercontent.com/nathanaelcodi3-create/amazon-product-images/main/jp-20260803-daiken50-batch2-v1/W5872S00003/W5872S00003%2B07.jpg
W5872S00003,W5872S00003+08.jpg,https://raw.githubusercontent.com/nathanaelcodi3-create/amazon-product-images/main/jp-20260803-daiken50-batch2-v1/W5872S00003/W5872S00003%2B08.jpg
W5872S00003,W5872S00003+09.jpg,https://raw.githubusercontent.com/nathanaelcodi3-create/amazon-product-images/main/jp-20260803-daiken50-batch2-v1/W5872S00003/W5872S00003%2B09.jpg
W680S00131,W680S00131+01.jpg,https://raw.githubusercontent.com/nathanaelcodi3-create/amazon-product-images/main/jp-20260803-daiken50-batch2-v1/W680S00131/W680S00131%2B01.jpg
W680S00131,W680S00131+02.jpg,https://raw.githubusercontent.com/nathanaelcodi3-create/amazon-product-images/main/jp-20260803-daiken50-batch2-v1/W680S00131/W680S00131%2B02.jpg
W680S00131,W680S00131+03.jpg,https://raw.githubusercontent.com/nathanaelcodi3-create/amazon-product-images/main/jp-20260803-daiken50-batch2-v1/W680S00131/W680S00131%2B03.jpg
W680S00131,W680S00131+04.jpg,https://raw.githubusercontent.com/nathanaelcodi3-create/amazon-product-images/main/jp-20260803-daiken50-batch2-v1/W680S00131/W680S00131%2B04.jpg
W680S00131,W680S00131+05.jpg,https://raw.githubusercontent.com/nathanaelcodi3-create/amazon-product-images/main/jp-20260803-daiken50-batch2-v1/W680S00131/W680S00131%2B05.jpg
W680S00131,W680S00131+06.jpg,https://raw.githubusercontent.com/nathanaelcodi3-create/amazon-product-images/main/jp-20260803-daiken50-batch2-v1/W680S00131/W680S00131%2B06.jpg
W680S00131,W680S00131+07.jpg,https://raw.githubusercontent.com/nathanaelcodi3-create/amazon-product-images/main/jp-20260803-daiken50-batch2-v1/W680S00131/W680S00131%2B07.jpg
W680S00131,W680S00131+08.jpg,https://raw.githubusercontent.com/nathanaelcodi3-create/amazon-product-images/main/jp-20260803-daiken50-batch2-v1/W680S00131/W680S00131%2B08.jpg
W680S00131,W680S00131+09.jpg,https://raw.githubusercontent.com/nathanaelcodi3-create/amazon-product-images/main/jp-20260803-daiken50-batch2-v1/W680S00131/W680S00131%2B09.jpg
W680S00137,W680S00137+01.jpg,https://raw.githubusercontent.com/nathanaelcodi3-create/amazon-product-images/main/jp-20260803-daiken50-batch2-v1/W680S00137/W680S00137%2B01.jpg
W680S00137,W680S00137+02.jpg,https://raw.githubusercontent.com/nathanaelcodi3-create/amazon-product-images/main/jp-20260803-daiken50-batch2-v1/W680S00137/W680S00137%2B02.jpg
W680S00137,W680S00137+03.jpg,https://raw.githubusercontent.com/nathanaelcodi3-create/amazon-product-images/main/jp-20260803-daiken50-batch2-v1/W680S00137/W680S00137%2B03.jpg
W680S00137,W680S00137+04.jpg,https://raw.githubusercontent.com/nathanaelcodi3-create/amazon-product-images/main/jp-20260803-daiken50-batch2-v1/W680S00137/W680S00137%2B04.jpg
W680S00137,W680S00137+05.jpg,https://raw.githubusercontent.com/nathanaelcodi3-create/amazon-product-images/main/jp-20260803-daiken50-batch2-v1/W680S00137/W680S00137%2B05.jpg
W680S00137,W680S00137+06.jpg,https://raw.githubusercontent.com/nathanaelcodi3-create/amazon-product-images/main/jp-20260803-daiken50-batch2-v1/W680S00137/W680S00137%2B06.jpg
W680S00137,W680S00137+07.jpg,https://raw.githubusercontent.com/nathanaelcodi3-create/amazon-product-images/main/jp-20260803-daiken50-batch2-v1/W680S00137/W680S00137%2B07.jpg
W680S00137,W680S00137+08.jpg,https://raw.githubusercontent.com/nathanaelcodi3-create/amazon-product-images/main/jp-20260803-daiken50-batch2-v1/W680S00137/W680S00137%2B08.jpg
W680S00137,W680S00137+09.jpg,https://raw.githubusercontent.com/nathanaelcodi3-create/amazon-product-images/main/jp-20260803-daiken50-batch2-v1/W680S00137/W680S00137%2B09.jpg
W714S01364,W714S01364+01.jpg,https://raw.githubusercontent.com/nathanaelcodi3-create/amazon-product-images/main/jp-20260803-daiken50-batch2-v1/W714S01364/W714S01364%2B01.jpg
W714S01364,W714S01364+02.jpg,https://raw.githubusercontent.com/nathanaelcodi3-create/amazon-product-images/main/jp-20260803-daiken50-batch2-v1/W714S01364/W714S01364%2B02.jpg
W714S01364,W714S01364+03.jpg,https://raw.githubusercontent.com/nathanaelcodi3-create/amazon-product-images/main/jp-20260803-daiken50-batch2-v1/W714S01364/W714S01364%2B03.jpg
W714S01364,W714S01364+04.jpg,https://raw.githubusercontent.com/nathanaelcodi3-create/amazon-product-images/main/jp-20260803-daiken50-batch2-v1/W714S01364/W714S01364%2B04.jpg
W714S01364,W714S01364+05.jpg,https://raw.githubusercontent.com/nathanaelcodi3-create/amazon-product-images/main/jp-20260803-daiken50-batch2-v1/W714S01364/W714S01364%2B05.jpg
W714S01364,W714S01364+06.jpg,https://raw.githubusercontent.com/nathanaelcodi3-create/amazon-product-images/main/jp-20260803-daiken50-batch2-v1/W714S01364/W714S01364%2B06.jpg
W714S01364,W714S01364+07.jpg,https://raw.githubusercontent.com/nathanaelcodi3-create/amazon-product-images/main/jp-20260803-daiken50-batch2-v1/W714S01364/W714S01364%2B07.jpg
W714S01364,W714S01364+08.jpg,https://raw.githubusercontent.com/nathanaelcodi3-create/amazon-product-images/main/jp-20260803-daiken50-batch2-v1/W714S01364/W714S01364%2B08.jpg
W714S01364,W714S01364+09.jpg,https://raw.githubusercontent.com/nathanaelcodi3-create/amazon-product-images/main/jp-20260803-daiken50-batch2-v1/W714S01364/W714S01364%2B09.jpg
W714S01680,W714S01680+01.jpg,https://raw.githubusercontent.com/nathanaelcodi3-create/amazon-product-images/main/jp-20260803-daiken50-batch2-v1/W714S01680/W714S01680%2B01.jpg
W714S01680,W714S01680+02.jpg,https://raw.githubusercontent.com/nathanaelcodi3-create/amazon-product-images/main/jp-20260803-daiken50-batch2-v1/W714S01680/W714S01680%2B02.jpg
W714S01680,W714S01680+03.jpg,https://raw.githubusercontent.com/nathanaelcodi3-create/amazon-product-images/main/jp-20260803-daiken50-batch2-v1/W714S01680/W714S01680%2B03.jpg
W714S01680,W714S01680+04.jpg,https://raw.githubusercontent.com/nathanaelcodi3-create/amazon-product-images/main/jp-20260803-daiken50-batch2-v1/W714S01680/W714S01680%2B04.jpg
W714S01680,W714S01680+05.jpg,https://raw.githubusercontent.com/nathanaelcodi3-create/amazon-product-images/main/jp-20260803-daiken50-batch2-v1/W714S01680/W714S01680%2B05.jpg
W714S01680,W714S01680+06.jpg,https://raw.githubusercontent.com/nathanaelcodi3-create/amazon-product-images/main/jp-20260803-daiken50-batch2-v1/W714S01680/W714S01680%2B06.jpg
W714S01680,W714S01680+07.jpg,https://raw.githubusercontent.com/nathanaelcodi3-create/amazon-product-images/main/jp-20260803-daiken50-batch2-v1/W714S01680/W714S01680%2B07.jpg
W714S01680,W714S01680+08.jpg,https://raw.githubusercontent.com/nathanaelcodi3-create/amazon-product-images/main/jp-20260803-daiken50-batch2-v1/W714S01680/W714S01680%2B08.jpg
W714S01680,W714S01680+09.jpg,https://raw.githubusercontent.com/nathanaelcodi3-create/amazon-product-images/main/jp-20260803-daiken50-batch2-v1/W714S01680/W714S01680%2B09.jpg
W876P362390,W876P362390+01.jpg,https://raw.githubusercontent.com/nathanaelcodi3-create/amazon-product-images/main/jp-20260803-daiken50-batch2-v1/W876P362390/W876P362390%2B01.jpg
W876P362390,W876P362390+02.jpg,https://raw.githubusercontent.com/nathanaelcodi3-create/amazon-product-images/main/jp-20260803-daiken50-batch2-v1/W876P362390/W876P362390%2B02.jpg
W876P362390,W876P362390+03.jpg,https://raw.githubusercontent.com/nathanaelcodi3-create/amazon-product-images/main/jp-20260803-daiken50-batch2-v1/W876P362390/W876P362390%2B03.jpg
W876P362390,W876P362390+04.jpg,https://raw.githubusercontent.com/nathanaelcodi3-create/amazon-product-images/main/jp-20260803-daiken50-batch2-v1/W876P362390/W876P362390%2B04.jpg
W876P362390,W876P362390+05.jpg,https://raw.githubusercontent.com/nathanaelcodi3-create/amazon-product-images/main/jp-20260803-daiken50-batch2-v1/W876P362390/W876P362390%2B05.jpg
W876P362390,W876P362390+06.jpg,https://raw.githubusercontent.com/nathanaelcodi3-create/amazon-product-images/main/jp-20260803-daiken50-batch2-v1/W876P362390/W876P362390%2B06.jpg
W876P362390,W876P362390+07.jpg,https://raw.githubusercontent.com/nathanaelcodi3-create/amazon-product-images/main/jp-20260803-daiken50-batch2-v1/W876P362390/W876P362390%2B07.jpg
W876P362390,W876P362390+08.jpg,https://raw.githubusercontent.com/nathanaelcodi3-create/amazon-product-images/main/jp-20260803-daiken50-batch2-v1/W876P362390/W876P362390%2B08.jpg
W876P362390,W876P362390+09.jpg,https://raw.githubusercontent.com/nathanaelcodi3-create/amazon-product-images/main/jp-20260803-daiken50-batch2-v1/W876P362390/W876P362390%2B09.jpg
